FANTOM5 Original Order	"Alphabetical Uniq Order by developmental, primary cells"	RefEx Tissue Class10	RefEx Tissue Class40	Cell Class	Tissue Class	Description (RefEx refined)	FANTOM5 URL	Description (FANTOM5 Original)
109	1	2	12		developmental	"accessory axillary lymph node, adult"	http://fantom.gsc.riken.jp/5/sstar/FF:1063-29H9	"tpm.accessory axillary lymph node, adult.CNhs10475.1063-29H9"
110	2	10	37		developmental	"adrenal gland, adult"	http://fantom.gsc.riken.jp/5/sstar/FF:49-24D7	"tpm.adrenal gland, adult.CNhs10508.49-24D7"
111	3				developmental	"adrenal gland, embryo E14"	http://fantom.gsc.riken.jp/5/sstar/FF:406-44C5	"tpm.adrenal gland, embryo E14.CNhs11038.406-44C5"
112	4				developmental	"adrenal gland, embryo E16"	http://fantom.gsc.riken.jp/5/sstar/FF:1254-43D6	"tpm.adrenal gland, embryo E16.CNhs11004.1254-43D6"
113	5				developmental	"adrenal gland, embryo E17"	http://fantom.gsc.riken.jp/5/sstar/FF:1263-45I1	"tpm.adrenal gland, embryo E17.CNhs11043.1263-45I1"
114	6				developmental	"adrenal gland, embryo E18"	http://fantom.gsc.riken.jp/5/sstar/FF:1262-18F5	"tpm.adrenal gland, embryo E18.CNhs11026.1262-18F5"
115	7				developmental	"adrenal gland, neonate N00"	http://fantom.gsc.riken.jp/5/sstar/FF:1311-23C1	"tpm.adrenal gland, neonate N00.CNhs11191.1311-23C1"
116	8				developmental	"adrenal gland, neonate N25"	http://fantom.gsc.riken.jp/5/sstar/FF:1377-27I3	"tpm.adrenal gland, neonate N25.CNhs11223.1377-27I3"
117	9				developmental	"amnion, adult pregnant day17.5"	http://fantom.gsc.riken.jp/5/sstar/FF:583-22A8	"tpm.amnion, adult pregnant day17.5.CNhs10488.583-22A8"
118	10	2	10		developmental	"aorta, adult"	http://fantom.gsc.riken.jp/5/sstar/FF:46-23H1	"tpm.aorta, adult.CNhs10498.46-23H1"
119	11	3	18		developmental	"bone (os femoris), adult"	http://fantom.gsc.riken.jp/5/sstar/FF:56-12G2	"tpm.bone (os femoris), adult.CNhs10483.56-12G2"
120	12				developmental	"bone (os femoris), neonate N02"	http://fantom.gsc.riken.jp/5/sstar/FF:1985-43F5	"tpm.bone (os femoris), neonate N02.CNhs11227.1985-43F5"
121	13				developmental	"bone (os femoris), neonate N16"	http://fantom.gsc.riken.jp/5/sstar/FF:1525-43A6	"tpm.bone (os femoris), neonate N16.CNhs11225.1525-43A6"
122	14				developmental	"bone (os femoris), neonate N20"	http://fantom.gsc.riken.jp/5/sstar/FF:1350-25C3	"tpm.bone (os femoris), neonate N20.CNhs11195.1350-25C3"
123	15				developmental	"cecum, adult"	http://fantom.gsc.riken.jp/5/sstar/FF:37-13H4	"tpm.cecum, adult.CNhs10467.37-13H4"
124	16	1	1		developmental	"cerebellum, adult"	http://fantom.gsc.riken.jp/5/sstar/FF:15-8B2	"tpm.cerebellum, adult.CNhs10494.15-8B2"
125	17				developmental	"cerebellum, neonate N30"	http://fantom.gsc.riken.jp/5/sstar/FF:1395-42I2	"tpm.cerebellum, neonate N30.CNhs11135.1395-42I2"
21	18				developmental	Clontech Mouse Universal Reference Total RNA	http://fantom.gsc.riken.jp/5/sstar/FF:10001-101A3	"tpm.Clontech Mouse Universal Reference Total RNA, pool1.CNhs10609.10001-101A3"
126	19	6	30		developmental	"colon, adult"	http://fantom.gsc.riken.jp/5/sstar/FF:36-18H7	"tpm.colon, adult.CNhs10468.36-18H7"
130	20				developmental	"corpora quadrigemina, adult"	http://fantom.gsc.riken.jp/5/sstar/FF:16-22A4	"tpm.corpora quadrigemina, adult.CNhs10501.16-22A4"
131	21				developmental	"corpus striatum, adult"	http://fantom.gsc.riken.jp/5/sstar/FF:19-21D8	"tpm.corpus striatum, adult.CNhs10487.19-21D8"
132	22				developmental	"corpus striatum, neonate N00"	http://fantom.gsc.riken.jp/5/sstar/FF:630-43F1	"tpm.corpus striatum, neonate N00.CNhs11226.630-43F1"
133	23				developmental	"cortex, adult"	http://fantom.gsc.riken.jp/5/sstar/FF:12-14D5	"tpm.cortex, adult.CNhs10473.12-14D5"
134	24				developmental	"cortex, neonate N30"	http://fantom.gsc.riken.jp/5/sstar/FF:1392-42F2	"tpm.cortex, neonate N30.CNhs11107.1392-42F2"
135	25	1	3		developmental	"diencephalon, adult"	http://fantom.gsc.riken.jp/5/sstar/FF:20-12F2	"tpm.diencephalon, adult.CNhs10482.20-12F2"
136	26				developmental	"diencephalon, neonate N30"	http://fantom.gsc.riken.jp/5/sstar/FF:1388-42B2	"tpm.diencephalon, neonate N30.CNhs11201.1388-42B2"
137	27				developmental	"epididymis and seminiferous tubule, neonate N00"	http://fantom.gsc.riken.jp/5/sstar/FF:1310-23B1	"tpm.epididymis and seminiferous tubule, neonate N00.CNhs11218.1310-23B1"
138	28				developmental	"epididymis and seminiferous tubule, neonate N30"	http://fantom.gsc.riken.jp/5/sstar/FF:1387-42A2	"tpm.epididymis and seminiferous tubule, neonate N30.CNhs11199.1387-42A2"
139	29				developmental	"epididymis, adult"	http://fantom.gsc.riken.jp/5/sstar/FF:58-23B2	"tpm.epididymis, adult.CNhs10490.58-23B2"
140	30				developmental	"eyeball, adult"	http://fantom.gsc.riken.jp/5/sstar/FF:31-12G4	"tpm.eyeball, adult.CNhs10484.31-12G4"
141	31				developmental	"eyeball, embryo E12"	http://fantom.gsc.riken.jp/5/sstar/FF:345-16C6	"tpm.eyeball, embryo E12.CNhs11016.345-16C6"
142	32				developmental	"eyeball, embryo E14"	http://fantom.gsc.riken.jp/5/sstar/FF:399-16E2	"tpm.eyeball, embryo E14.CNhs10521.399-16E2"
143	33				developmental	"eyeball, embryo E15"	http://fantom.gsc.riken.jp/5/sstar/FF:426-16C9	"tpm.eyeball, embryo E15.CNhs10593.426-16C9"
144	34				developmental	"eyeball, embryo E17"	http://fantom.gsc.riken.jp/5/sstar/FF:1261-18D4	"tpm.eyeball, embryo E17.CNhs11023.1261-18D4"
145	35				developmental	"eyeball, neonate N00"	http://fantom.gsc.riken.jp/5/sstar/FF:633-15C6	"tpm.eyeball, neonate N00.CNhs11207.633-15C6"
146	36				developmental	"eyeball, neonate N01"	http://fantom.gsc.riken.jp/5/sstar/FF:1532-43E7	"tpm.eyeball, neonate N01.CNhs11140.1532-43E7"
147	37				developmental	"eyeball, neonate N02"	http://fantom.gsc.riken.jp/5/sstar/FF:1551-44G8	"tpm.eyeball, neonate N02.CNhs11205.1551-44G8"
148	38				developmental	"eyeball, neonate N16"	http://fantom.gsc.riken.jp/5/sstar/FF:777-19A2	"tpm.eyeball, neonate N16.CNhs11188.777-19A2"
24	39				developmental	Follicle Associated Epithelium	http://fantom.gsc.riken.jp/5/sstar/FF:10262-104D1	"tpm.Follicle Associated Epithelium, pool2.CNhs13211.10262-104D1"
25	39				developmental	Follicle Associated Epithelium	http://fantom.gsc.riken.jp/5/sstar/FF:10263-104D2	"tpm.Follicle Associated Epithelium, pool3.CNhs13200.10263-104D2"
149	40				developmental	"forelimb, embryo E11"	http://fantom.gsc.riken.jp/5/sstar/FF:335-25E2	"tpm.forelimb, embryo E11.CNhs10596.335-25E2"
150	41				developmental	"forelimb, embryo E12"	http://fantom.gsc.riken.jp/5/sstar/FF:359-14H2	"tpm.forelimb, embryo E12.CNhs10600.359-14H2"
151	42				developmental	"forelimb, embryo E13"	http://fantom.gsc.riken.jp/5/sstar/FF:384-1E2	"tpm.forelimb, embryo E13.CNhs10589.384-1E2"
152	43				developmental	"forelimb, embryo E14"	http://fantom.gsc.riken.jp/5/sstar/FF:413-26A8	"tpm.forelimb, embryo E14.CNhs10577.413-26A8"
153	44				developmental	"forelimb, embryo E15"	http://fantom.gsc.riken.jp/5/sstar/FF:437-20E7	"tpm.forelimb, embryo E15.CNhs11007.437-20E7"
154	45				developmental	"forelimb, embryo E17"	http://fantom.gsc.riken.jp/5/sstar/FF:1517-43C4	"tpm.forelimb, embryo E17.CNhs10598.1517-43C4"
155	46				developmental	"forelimb, embryo E18"	http://fantom.gsc.riken.jp/5/sstar/FF:1520-43B5	"tpm.forelimb, embryo E18.CNhs11008.1520-43B5"
156	47				developmental	"gonad, embryo E13"	http://fantom.gsc.riken.jp/5/sstar/FF:1564-45I6	"tpm.gonad, embryo E13.CNhs11044.1564-45I6"
160	48				developmental	"heart, embryo E11"	http://fantom.gsc.riken.jp/5/sstar/FF:331-24E9	"tpm.heart, embryo E11.CNhs10586.331-24E9"
161	49				developmental	"heart, embryo E12"	http://fantom.gsc.riken.jp/5/sstar/FF:353-12F5	"tpm.heart, embryo E12.CNhs11015.353-12F5"
162	50				developmental	"heart, embryo E13"	http://fantom.gsc.riken.jp/5/sstar/FF:376-3I9	"tpm.heart, embryo E13.CNhs11013.376-3I9"
163	51				developmental	"heart, embryo E14"	http://fantom.gsc.riken.jp/5/sstar/FF:403-26D4	"tpm.heart, embryo E14.CNhs10597.403-26D4"
164	52				developmental	"heart, embryo E15"	http://fantom.gsc.riken.jp/5/sstar/FF:431-16C8	"tpm.heart, embryo E15.CNhs11017.431-16C8"
165	53				developmental	"heart, embryo E16"	http://fantom.gsc.riken.jp/5/sstar/FF:457-17C6	"tpm.heart, embryo E16.CNhs11021.457-17C6"
166	54				developmental	"heart, embryo E17"	http://fantom.gsc.riken.jp/5/sstar/FF:479-18E5	"tpm.heart, embryo E17.CNhs11025.479-18E5"
167	55				developmental	"heart, embryo E18"	http://fantom.gsc.riken.jp/5/sstar/FF:1283-20G3	"tpm.heart, embryo E18.CNhs11030.1283-20G3"
168	56				developmental	"heart, neonate N00"	http://fantom.gsc.riken.jp/5/sstar/FF:639-21E3	"tpm.heart, neonate N00.CNhs11213.639-21E3"
169	57				developmental	"heart, neonate N03"	http://fantom.gsc.riken.jp/5/sstar/FF:1349-25I2	"tpm.heart, neonate N03.CNhs11221.1349-25I2"
170	58				developmental	"heart, neonate N10"	http://fantom.gsc.riken.jp/5/sstar/FF:749-24G1	"tpm.heart, neonate N10.CNhs11118.749-24G1"
171	59				developmental	"heart, neonate N16"	http://fantom.gsc.riken.jp/5/sstar/FF:782-15G1	"tpm.heart, neonate N16.CNhs11209.782-15G1"
172	60				developmental	"heart, neonate N20"	http://fantom.gsc.riken.jp/5/sstar/FF:821-26I6	"tpm.heart, neonate N20.CNhs11127.821-26I6"
173	61				developmental	"heart, neonate N25"	http://fantom.gsc.riken.jp/5/sstar/FF:1351-25D3	"tpm.heart, neonate N25.CNhs11196.1351-25D3"
174	62				developmental	"heart, neonate N30"	http://fantom.gsc.riken.jp/5/sstar/FF:1390-42D2	"tpm.heart, neonate N30.CNhs11202.1390-42D2"
175	63	1	1		developmental	"hippocampus, adult"	http://fantom.gsc.riken.jp/5/sstar/FF:13-16E8	"tpm.hippocampus, adult.CNhs10478.13-16E8"
176	64				developmental	"hippocampus, neonate N00"	http://fantom.gsc.riken.jp/5/sstar/FF:627-43G1	"tpm.hippocampus, neonate N00.CNhs11228.627-43G1"
29	65				developmental	Ileum epithelium	http://fantom.gsc.riken.jp/5/sstar/FF:10252-104B9	"tpm.Ileum epithelium, pool1.CNhs13199.10252-104B9"
30	65				developmental	Ileum epithelium	http://fantom.gsc.riken.jp/5/sstar/FF:10253-104C1	"tpm.Ileum epithelium, pool2.CNhs13232.10253-104C1"
31	66				developmental	"Ileum epithelium, treated with RANKL, day03"	http://fantom.gsc.riken.jp/5/sstar/FF:10260-104C8	"tpm.Ileum epithelium, treated with RANKL, day03, pool3.CNhs13234.10260-104C8"
177	67				developmental	"intestinal mucosa, adult"	http://fantom.gsc.riken.jp/5/sstar/FF:860-29I3	"tpm.intestinal mucosa, adult.CNhs10506.860-29I3"
178	68	6	29		developmental	"intestine, adult"	http://fantom.gsc.riken.jp/5/sstar/FF:178-9A3	"tpm.intestine, adult.CNhs10496.178-9A3"
179	69				developmental	"intestine, embryo E12"	http://fantom.gsc.riken.jp/5/sstar/FF:1251-16I5	"tpm.intestine, embryo E12.CNhs11019.1251-16I5"
180	70				developmental	"intestine, embryo E13"	http://fantom.gsc.riken.jp/5/sstar/FF:381-16D5	"tpm.intestine, embryo E13.CNhs11010.381-16D5"
181	71				developmental	"intestine, embryo E15"	http://fantom.gsc.riken.jp/5/sstar/FF:976-16D8	"tpm.intestine, embryo E15.CNhs10602.976-16D8"
182	72				developmental	"intestine, embryo E16"	http://fantom.gsc.riken.jp/5/sstar/FF:463-22H4	"tpm.intestine, embryo E16.CNhs10585.463-22H4"
183	73				developmental	"intestine, embryo E17"	http://fantom.gsc.riken.jp/5/sstar/FF:482-18D3	"tpm.intestine, embryo E17.CNhs10582.482-18D3"
184	74				developmental	"intestine, embryo E18"	http://fantom.gsc.riken.jp/5/sstar/FF:1289-20F7	"tpm.intestine, embryo E18.CNhs10526.1289-20F7"
185	75				developmental	"intestine, neonate N00"	http://fantom.gsc.riken.jp/5/sstar/FF:644-26D1	"tpm.intestine, neonate N00.CNhs11126.644-26D1"
186	76				developmental	"intestine, neonate N01"	http://fantom.gsc.riken.jp/5/sstar/FF:1322-23E9	"tpm.intestine, neonate N01.CNhs11192.1322-23E9"
187	77				developmental	"intestine, neonate N06"	http://fantom.gsc.riken.jp/5/sstar/FF:688-20B8	"tpm.intestine, neonate N06.CNhs11102.688-20B8"
188	78				developmental	"intestine, neonate N07"	http://fantom.gsc.riken.jp/5/sstar/FF:720-20F2	"tpm.intestine, neonate N07.CNhs11095.720-20F2"
189	79				developmental	"intestine, neonate N10"	http://fantom.gsc.riken.jp/5/sstar/FF:755-23A5	"tpm.intestine, neonate N10.CNhs11098.755-23A5"
190	80				developmental	"intestine, neonate N20"	http://fantom.gsc.riken.jp/5/sstar/FF:827-18D1	"tpm.intestine, neonate N20.CNhs11187.827-18D1"
191	81				developmental	"intestine, neonate N25"	http://fantom.gsc.riken.jp/5/sstar/FF:1352-25E3	"tpm.intestine, neonate N25.CNhs11121.1352-25E3"
192	82				developmental	"intestine, neonate N30"	http://fantom.gsc.riken.jp/5/sstar/FF:1384-42G1	"tpm.intestine, neonate N30.CNhs11131.1384-42G1"
193	83				developmental	"kidney, embryo E14"	http://fantom.gsc.riken.jp/5/sstar/FF:411-4I9	"tpm.kidney, embryo E14.CNhs10606.411-4I9"
194	84				developmental	"kidney, embryo E15"	http://fantom.gsc.riken.jp/5/sstar/FF:434-16F8	"tpm.kidney, embryo E15.CNhs10997.434-16F8"
195	85				developmental	"kidney, embryo E16"	http://fantom.gsc.riken.jp/5/sstar/FF:464-22A5	"tpm.kidney, embryo E16.CNhs10584.464-22A5"
196	86				developmental	"kidney, embryo E17"	http://fantom.gsc.riken.jp/5/sstar/FF:483-18I2	"tpm.kidney, embryo E17.CNhs11028.483-18I2"
197	87				developmental	"kidney, embryo E18"	http://fantom.gsc.riken.jp/5/sstar/FF:1288-20C7	"tpm.kidney, embryo E18.CNhs11001.1288-20C7"
198	88				developmental	"kidney, neonate N00"	http://fantom.gsc.riken.jp/5/sstar/FF:646-21G7	"tpm.kidney, neonate N00.CNhs11214.646-21G7"
199	89				developmental	"kidney, neonate N10"	http://fantom.gsc.riken.jp/5/sstar/FF:758-6D5	"tpm.kidney, neonate N10.CNhs11206.758-6D5"
200	90				developmental	"kidney, neonate N20"	http://fantom.gsc.riken.jp/5/sstar/FF:832-19I1	"tpm.kidney, neonate N20.CNhs11113.832-19I1"
201	91				developmental	"kidney, neonate N25"	http://fantom.gsc.riken.jp/5/sstar/FF:1353-25F3	"tpm.kidney, neonate N25.CNhs11122.1353-25F3"
202	92				developmental	"kidney, neonate N30"	http://fantom.gsc.riken.jp/5/sstar/FF:1385-42H1	"tpm.kidney, neonate N30.CNhs11203.1385-42H1"
203	93	7	31		developmental	"liver, adult pregnant day01"	http://fantom.gsc.riken.jp/5/sstar/FF:508-5B2	"tpm.liver, adult pregnant day01.CNhs10466.508-5B2"
204	94				developmental	"liver, embryo E12"	http://fantom.gsc.riken.jp/5/sstar/FF:355-15F8	"tpm.liver, embryo E12.CNhs10601.355-15F8"
205	95				developmental	"liver, embryo E13"	http://fantom.gsc.riken.jp/5/sstar/FF:378-3H6	"tpm.liver, embryo E13.CNhs10524.378-3H6"
206	96				developmental	"liver, embryo E14"	http://fantom.gsc.riken.jp/5/sstar/FF:409-16E1	"tpm.liver, embryo E14.CNhs10594.409-16E1"
207	97				developmental	"liver, embryo E15"	http://fantom.gsc.riken.jp/5/sstar/FF:433-16D7	"tpm.liver, embryo E15.CNhs10520.433-16D7"
208	98				developmental	"liver, embryo E16"	http://fantom.gsc.riken.jp/5/sstar/FF:462-17F5	"tpm.liver, embryo E16.CNhs10523.462-17F5"
209	99				developmental	"liver, embryo E17"	http://fantom.gsc.riken.jp/5/sstar/FF:481-18A3	"tpm.liver, embryo E17.CNhs10510.481-18A3"
210	100				developmental	"liver, embryo E18"	http://fantom.gsc.riken.jp/5/sstar/FF:499-43G4	"tpm.liver, embryo E18.CNhs10579.499-43G4"
211	101				developmental	"liver, neonate N00"	http://fantom.gsc.riken.jp/5/sstar/FF:641-24F4	"tpm.liver, neonate N00.CNhs11117.641-24F4"
212	102				developmental	"liver, neonate N03"	http://fantom.gsc.riken.jp/5/sstar/FF:1345-25G2	"tpm.liver, neonate N03.CNhs11123.1345-25G2"
213	103				developmental	"liver, neonate N06"	http://fantom.gsc.riken.jp/5/sstar/FF:684-20A8	"tpm.liver, neonate N06.CNhs11101.684-20A8"
214	104				developmental	"liver, neonate N07"	http://fantom.gsc.riken.jp/5/sstar/FF:716-20H2	"tpm.liver, neonate N07.CNhs11103.716-20H2"
215	105				developmental	"liver, neonate N10"	http://fantom.gsc.riken.jp/5/sstar/FF:751-24B9	"tpm.liver, neonate N10.CNhs11115.751-24B9"
216	106				developmental	"liver, neonate N20"	http://fantom.gsc.riken.jp/5/sstar/FF:823-25A3	"tpm.liver, neonate N20.CNhs11220.823-25A3"
217	107				developmental	"liver, neonate N25"	http://fantom.gsc.riken.jp/5/sstar/FF:1368-26H1	"tpm.liver, neonate N25.CNhs11198.1368-26H1"
218	108				developmental	"liver, neonate N30"	http://fantom.gsc.riken.jp/5/sstar/FF:1382-42D1	"tpm.liver, neonate N30.CNhs11106.1382-42D1"
219	109	8	32		developmental	"lung, adult"	http://fantom.gsc.riken.jp/5/sstar/FF:28-22B1	"tpm.lung, adult.CNhs10474.28-22B1"
220	110				developmental	"lung, embryo E12"	http://fantom.gsc.riken.jp/5/sstar/FF:354-16G2	"tpm.lung, embryo E12.CNhs10522.354-16G2"
221	111				developmental	"lung, embryo E14"	http://fantom.gsc.riken.jp/5/sstar/FF:404-26F8	"tpm.lung, embryo E14.CNhs10604.404-26F8"
222	112				developmental	"lung, embryo E15"	http://fantom.gsc.riken.jp/5/sstar/FF:432-17C5	"tpm.lung, embryo E15.CNhs11020.432-17C5"
223	113				developmental	"lung, embryo E16"	http://fantom.gsc.riken.jp/5/sstar/FF:458-17B6	"tpm.lung, embryo E16.CNhs10998.458-17B6"
224	114				developmental	"lung, embryo E17"	http://fantom.gsc.riken.jp/5/sstar/FF:480-44A6	"tpm.lung, embryo E17.CNhs10605.480-44A6"
225	115				developmental	"lung, embryo E18"	http://fantom.gsc.riken.jp/5/sstar/FF:1287-20I6	"tpm.lung, embryo E18.CNhs10583.1287-20I6"
226	116				developmental	"lung, neonate N00"	http://fantom.gsc.riken.jp/5/sstar/FF:640-42C6	"tpm.lung, neonate N00.CNhs11224.640-42C6"
227	117				developmental	"lung, neonate N06"	http://fantom.gsc.riken.jp/5/sstar/FF:683-20E5	"tpm.lung, neonate N06.CNhs11212.683-20E5"
228	118				developmental	"lung, neonate N07"	http://fantom.gsc.riken.jp/5/sstar/FF:715-19A3	"tpm.lung, neonate N07.CNhs11111.715-19A3"
229	119				developmental	"lung, neonate N10"	http://fantom.gsc.riken.jp/5/sstar/FF:750-23E6	"tpm.lung, neonate N10.CNhs11219.750-23E6"
230	120				developmental	"lung, neonate N20"	http://fantom.gsc.riken.jp/5/sstar/FF:822-18A4	"tpm.lung, neonate N20.CNhs11109.822-18A4"
231	121				developmental	"lung, neonate N25"	http://fantom.gsc.riken.jp/5/sstar/FF:1359-25C7	"tpm.lung, neonate N25.CNhs11119.1359-25C7"
232	122				developmental	"lung, neonate N30"	http://fantom.gsc.riken.jp/5/sstar/FF:1394-42H2	"tpm.lung, neonate N30.CNhs11133.1394-42H2"
235	123	10	39		developmental	"mammary gland, adult lactating day02"	http://fantom.gsc.riken.jp/5/sstar/FF:595-22B6	"tpm.mammary gland, adult lactating day02.CNhs10480.595-22B6"
236	124	10	39		developmental	"mammary gland, adult pregnant day19"	http://fantom.gsc.riken.jp/5/sstar/FF:588-5H2	"tpm.mammary gland, adult pregnant day19.CNhs10476.588-5H2"
237	125	1	3		developmental	"medulla oblongata, adult"	http://fantom.gsc.riken.jp/5/sstar/FF:17-12C2	"tpm.medulla oblongata, adult.CNhs10477.17-12C2"
238	126				developmental	"medulla oblongata, neonate N30"	http://fantom.gsc.riken.jp/5/sstar/FF:1396-42A3	"tpm.medulla oblongata, neonate N30.CNhs11200.1396-42A3"
239	127				developmental	mouse fibroblast cell line: CRL-1658 NIH/3T3	http://fantom.gsc.riken.jp/5/sstar/FF:1830-49C7	tpm.mouse fibroblast cell line: CRL-1658 NIH/3T3.CNhs11093.1830-49C7
240	128				developmental	"muscle (biceps femoris), neonate N30"	http://fantom.gsc.riken.jp/5/sstar/FF:1389-42C2	"tpm.muscle (biceps femoris), neonate N30.CNhs11129.1389-42C2"
250	129				developmental	"olfactory brain, adult"	http://fantom.gsc.riken.jp/5/sstar/FF:18-22I9	"tpm.olfactory brain, adult.CNhs10489.18-22I9"
251	130	4	23		developmental	"ovary, adult"	http://fantom.gsc.riken.jp/5/sstar/FF:91-2I7	"tpm.ovary, adult.CNhs10507.91-2I7"
252	131				developmental	"ovary, embryo E18"	http://fantom.gsc.riken.jp/5/sstar/FF:505-44H7	"tpm.ovary, embryo E18.CNhs11040.505-44H7"
253	132				developmental	"ovary, neonate N00"	http://fantom.gsc.riken.jp/5/sstar/FF:1299-22I4	"tpm.ovary, neonate N00.CNhs11217.1299-22I4"
254	133				developmental	"oviduct, adult pregnant day01"	http://fantom.gsc.riken.jp/5/sstar/FF:988-6G6	"tpm.oviduct, adult pregnant day01.CNhs10500.988-6G6"
255	134	10	38		developmental	"pancreas, adult"	http://fantom.gsc.riken.jp/5/sstar/FF:34-16E4	"tpm.pancreas, adult.CNhs10486.34-16E4"
256	135				developmental	"pancreas, embryo E14"	http://fantom.gsc.riken.jp/5/sstar/FF:405-44F4	"tpm.pancreas, embryo E14.CNhs11012.405-44F4"
257	136				developmental	"pancreas, embryo E15"	http://fantom.gsc.riken.jp/5/sstar/FF:1556-45F2	"tpm.pancreas, embryo E15.CNhs11042.1556-45F2"
258	137				developmental	"pancreas, embryo E16"	http://fantom.gsc.riken.jp/5/sstar/FF:460-26E5	"tpm.pancreas, embryo E16.CNhs11003.460-26E5"
259	138				developmental	"pancreas, embryo E17"	http://fantom.gsc.riken.jp/5/sstar/FF:1558-45G3	"tpm.pancreas, embryo E17.CNhs10599.1558-45G3"
260	139				developmental	"pancreas, embryo E18"	http://fantom.gsc.riken.jp/5/sstar/FF:1535-43I7	"tpm.pancreas, embryo E18.CNhs10580.1535-43I7"
261	140				developmental	"pancreas, neonate N00"	http://fantom.gsc.riken.jp/5/sstar/FF:645-26G9	"tpm.pancreas, neonate N00.CNhs11105.645-26G9"
262	141				developmental	"pancreas, neonate N01"	http://fantom.gsc.riken.jp/5/sstar/FF:1531-43D7	"tpm.pancreas, neonate N01.CNhs11138.1531-43D7"
263	142				developmental	"pancreas, neonate N02"	http://fantom.gsc.riken.jp/5/sstar/FF:1539-43D8	"tpm.pancreas, neonate N02.CNhs11139.1539-43D8"
264	143				developmental	"pancreas, neonate N16"	http://fantom.gsc.riken.jp/5/sstar/FF:787-43B6	"tpm.pancreas, neonate N16.CNhs11136.787-43B6"
265	144				developmental	"pancreas, neonate N25"	http://fantom.gsc.riken.jp/5/sstar/FF:1555-45E2	"tpm.pancreas, neonate N25.CNhs11094.1555-45E2"
266	145				developmental	"pancreas, neonate N30"	http://fantom.gsc.riken.jp/5/sstar/FF:1548-44H5	"tpm.pancreas, neonate N30.CNhs11182.1548-44H5"
267	146	10	35		developmental	"pituitary gland, adult"	http://fantom.gsc.riken.jp/5/sstar/FF:21-1G8	"tpm.pituitary gland, adult.CNhs10493.21-1G8"
268	147				developmental	"pituitary gland, embryo E12"	http://fantom.gsc.riken.jp/5/sstar/FF:346-16E6	"tpm.pituitary gland, embryo E12.CNhs11018.346-16E6"
269	148				developmental	"pituitary gland, embryo E13"	http://fantom.gsc.riken.jp/5/sstar/FF:370-44C7	"tpm.pituitary gland, embryo E13.CNhs11009.370-44C7"
270	149				developmental	"pituitary gland, embryo E14"	http://fantom.gsc.riken.jp/5/sstar/FF:398-44A5	"tpm.pituitary gland, embryo E14.CNhs11037.398-44A5"
271	150				developmental	"pituitary gland, embryo E15"	http://fantom.gsc.riken.jp/5/sstar/FF:427-16B9	"tpm.pituitary gland, embryo E15.CNhs10592.427-16B9"
272	151				developmental	"pituitary gland, embryo E16"	http://fantom.gsc.riken.jp/5/sstar/FF:449-43F6	"tpm.pituitary gland, embryo E16.CNhs11036.449-43F6"
273	152				developmental	"pituitary gland, embryo E17"	http://fantom.gsc.riken.jp/5/sstar/FF:1265-44F5	"tpm.pituitary gland, embryo E17.CNhs11039.1265-44F5"
274	153				developmental	"pituitary gland, neonate N00"	http://fantom.gsc.riken.jp/5/sstar/FF:1308-22E9	"tpm.pituitary gland, neonate N00.CNhs11190.1308-22E9"
275	154	4	21		developmental	"placenta, adult pregnant day10"	http://fantom.gsc.riken.jp/5/sstar/FF:539-13I7	"tpm.placenta, adult pregnant day10.CNhs10472.539-13I7"
276	155	4	21		developmental	"placenta, adult pregnant day17"	http://fantom.gsc.riken.jp/5/sstar/FF:577-18G3	"tpm.placenta, adult pregnant day17.CNhs10464.577-18G3"
277	156	4	22		developmental	"prostate, adult"	http://fantom.gsc.riken.jp/5/sstar/FF:859-1F8	"tpm.prostate, adult.CNhs10470.859-1F8"
97	157				developmental	SABiosciences XpressRef Mouse Universal Total RNA	http://fantom.gsc.riken.jp/5/sstar/FF:10003-101A7	"tpm.SABiosciences XpressRef Mouse Universal Total RNA, pool1.CNhs10611.10003-101A7"
278	158	3	19		developmental	"skin, adult"	http://fantom.gsc.riken.jp/5/sstar/FF:30-1C3	"tpm.skin, adult.CNhs10492.30-1C3"
279	159				developmental	"skin, neonate N00"	http://fantom.gsc.riken.jp/5/sstar/FF:650-25G4	"tpm.skin, neonate N00.CNhs11124.650-25G4"
280	160				developmental	"skin, neonate N03"	http://fantom.gsc.riken.jp/5/sstar/FF:662-22H3	"tpm.skin, neonate N03.CNhs11215.662-22H3"
281	161				developmental	"skin, neonate N06"	http://fantom.gsc.riken.jp/5/sstar/FF:693-20I5	"tpm.skin, neonate N06.CNhs11097.693-20I5"
282	162				developmental	"skin, neonate N10"	http://fantom.gsc.riken.jp/5/sstar/FF:762-6C4	"tpm.skin, neonate N10.CNhs11108.762-6C4"
283	163				developmental	"small intestine, neonate N16"	http://fantom.gsc.riken.jp/5/sstar/FF:790-21I1	"tpm.small intestine, neonate N16.CNhs11114.790-21I1"
284	164	1	7		developmental	"spinal cord, adult"	http://fantom.gsc.riken.jp/5/sstar/FF:24-13C9	"tpm.spinal cord, adult.CNhs10505.24-13C9"
285	165	2	14		developmental	"spleen, adult"	http://fantom.gsc.riken.jp/5/sstar/FF:25-2G2	"tpm.spleen, adult.CNhs10465.25-2G2"
286	166				developmental	"spleen, embryo E16"	http://fantom.gsc.riken.jp/5/sstar/FF:461-43C1	"tpm.spleen, embryo E16.CNhs11035.461-43C1"
287	167				developmental	"spleen, embryo E18"	http://fantom.gsc.riken.jp/5/sstar/FF:1271-21F2	"tpm.spleen, embryo E18.CNhs11011.1271-21F2"
288	168				developmental	"spleen, neonate N10"	http://fantom.gsc.riken.jp/5/sstar/FF:752-24D1	"tpm.spleen, neonate N10.CNhs11116.752-24D1"
289	169				developmental	"spleen, neonate N20"	http://fantom.gsc.riken.jp/5/sstar/FF:824-19H1	"tpm.spleen, neonate N20.CNhs11112.824-19H1"
290	170				developmental	"spleen, neonate N25"	http://fantom.gsc.riken.jp/5/sstar/FF:1354-25G3	"tpm.spleen, neonate N25.CNhs11099.1354-25G3"
294	171	6	28		developmental	"stomach, adult"	http://fantom.gsc.riken.jp/5/sstar/FF:33-1H6	"tpm.stomach, adult.CNhs10503.33-1H6"
295	172				developmental	"stomach, embryo E12"	http://fantom.gsc.riken.jp/5/sstar/FF:356-43E3	"tpm.stomach, embryo E12.CNhs10588.356-43E3"
296	173				developmental	"stomach, embryo E15"	http://fantom.gsc.riken.jp/5/sstar/FF:1252-16G8	"tpm.stomach, embryo E15.CNhs10603.1252-16G8"
297	174				developmental	"stomach, embryo E16"	http://fantom.gsc.riken.jp/5/sstar/FF:459-17D4	"tpm.stomach, embryo E16.CNhs11022.459-17D4"
298	175				developmental	"stomach, embryo E17"	http://fantom.gsc.riken.jp/5/sstar/FF:1035-18D5	"tpm.stomach, embryo E17.CNhs11006.1035-18D5"
299	176				developmental	"stomach, embryo E18"	http://fantom.gsc.riken.jp/5/sstar/FF:1286-20C6	"tpm.stomach, embryo E18.CNhs10999.1286-20C6"
300	177				developmental	"stomach, neonate N03"	http://fantom.gsc.riken.jp/5/sstar/FF:1340-24B8	"tpm.stomach, neonate N03.CNhs11193.1340-24B8"
301	178				developmental	"stomach, neonate N07"	http://fantom.gsc.riken.jp/5/sstar/FF:718-18A9	"tpm.stomach, neonate N07.CNhs11210.718-18A9"
302	179				developmental	"stomach, neonate N25"	http://fantom.gsc.riken.jp/5/sstar/FF:1355-25E4	"tpm.stomach, neonate N25.CNhs11104.1355-25E4"
303	180				developmental	"stomach, neonate N30"	http://fantom.gsc.riken.jp/5/sstar/FF:1386-42I1	"tpm.stomach, neonate N30.CNhs11134.1386-42I1"
304	181				developmental	"submandibular gland, adult"	http://fantom.gsc.riken.jp/5/sstar/FF:59-29C1	"tpm.submandibular gland, adult.CNhs10469.59-29C1"
305	182	4	24		developmental	"testis, adult"	http://fantom.gsc.riken.jp/5/sstar/FF:57-7G5	"tpm.testis, adult.CNhs10504.57-7G5"
306	183				developmental	"testis, embryo E13"	http://fantom.gsc.riken.jp/5/sstar/FF:389-23F5	"tpm.testis, embryo E13.CNhs11031.389-23F5"
307	184				developmental	"testis, embryo E15"	http://fantom.gsc.riken.jp/5/sstar/FF:443-27C5	"tpm.testis, embryo E15.CNhs11034.443-27C5"
308	185				developmental	"testis, embryo E16"	http://fantom.gsc.riken.jp/5/sstar/FF:470-26G5	"tpm.testis, embryo E16.CNhs11033.470-26G5"
309	186				developmental	"testis, embryo E17"	http://fantom.gsc.riken.jp/5/sstar/FF:486-18I5	"tpm.testis, embryo E17.CNhs11029.486-18I5"
310	187				developmental	"testis, embryo E18"	http://fantom.gsc.riken.jp/5/sstar/FF:503-18G5	"tpm.testis, embryo E18.CNhs11027.503-18G5"
311	188				developmental	"testis, neonate N00"	http://fantom.gsc.riken.jp/5/sstar/FF:1300-22B7	"tpm.testis, neonate N00.CNhs11189.1300-22B7"
312	189				developmental	"testis, neonate N07"	http://fantom.gsc.riken.jp/5/sstar/FF:726-26I4	"tpm.testis, neonate N07.CNhs11222.726-26I4"
313	190				developmental	"testis, neonate N10"	http://fantom.gsc.riken.jp/5/sstar/FF:763-44D9	"tpm.testis, neonate N10.CNhs11204.763-44D9"
314	191				developmental	"testis, neonate N20"	http://fantom.gsc.riken.jp/5/sstar/FF:839-18H3	"tpm.testis, neonate N20.CNhs11110.839-18H3"
315	192				developmental	"testis, neonate N30"	http://fantom.gsc.riken.jp/5/sstar/FF:1391-42E2	"tpm.testis, neonate N30.CNhs11130.1391-42E2"
316	193	2	15		developmental	"thymus, adult"	http://fantom.gsc.riken.jp/5/sstar/FF:38-12B5	"tpm.thymus, adult.CNhs10471.38-12B5"
317	194				developmental	"thymus, embryo E14"	http://fantom.gsc.riken.jp/5/sstar/FF:402-44I4	"tpm.thymus, embryo E14.CNhs11041.402-44I4"
318	195				developmental	"thymus, embryo E15"	http://fantom.gsc.riken.jp/5/sstar/FF:430-45I2	"tpm.thymus, embryo E15.CNhs11005.430-45I2"
319	196				developmental	"thymus, embryo E16"	http://fantom.gsc.riken.jp/5/sstar/FF:456-26C5	"tpm.thymus, embryo E16.CNhs11002.456-26C5"
320	197				developmental	"thymus, embryo E17"	http://fantom.gsc.riken.jp/5/sstar/FF:478-18C1	"tpm.thymus, embryo E17.CNhs10581.478-18C1"
321	198				developmental	"thymus, embryo E18"	http://fantom.gsc.riken.jp/5/sstar/FF:1273-19G4	"tpm.thymus, embryo E18.CNhs10595.1273-19G4"
322	199				developmental	"thymus, neonate N02"	http://fantom.gsc.riken.jp/5/sstar/FF:1541-43F8	"tpm.thymus, neonate N02.CNhs11181.1541-43F8"
323	200				developmental	"thymus, neonate N03"	http://fantom.gsc.riken.jp/5/sstar/FF:2104-43C7	"tpm.thymus, neonate N03.CNhs11137.2104-43C7"
324	201				developmental	"thymus, neonate N06"	http://fantom.gsc.riken.jp/5/sstar/FF:681-26C4	"tpm.thymus, neonate N06.CNhs11197.681-26C4"
325	202				developmental	"thymus, neonate N07"	http://fantom.gsc.riken.jp/5/sstar/FF:713-19D3	"tpm.thymus, neonate N07.CNhs11211.713-19D3"
326	203				developmental	"thymus, neonate N10"	http://fantom.gsc.riken.jp/5/sstar/FF:748-24E4	"tpm.thymus, neonate N10.CNhs11194.748-24E4"
327	204				developmental	"thymus, neonate N20"	http://fantom.gsc.riken.jp/5/sstar/FF:820-7A2	"tpm.thymus, neonate N20.CNhs11186.820-7A2"
328	205				developmental	"thymus, neonate N25"	http://fantom.gsc.riken.jp/5/sstar/FF:1362-25G7	"tpm.thymus, neonate N25.CNhs11125.1362-25G7"
329	206				developmental	"thymus, neonate N30"	http://fantom.gsc.riken.jp/5/sstar/FF:1393-42G2	"tpm.thymus, neonate N30.CNhs11132.1393-42G2"
330	207				developmental	"tongue, adult"	http://fantom.gsc.riken.jp/5/sstar/FF:32-1B4	"tpm.tongue, adult.CNhs10499.32-1B4"
108	208				developmental	Universal RNA - Mouse Normal Tissues Biochain	http://fantom.gsc.riken.jp/5/sstar/FF:10008-101B6	"tpm.Universal RNA - Mouse Normal Tissues Biochain, pool1.CNhs10613.10008-101B6"
334	209	9	33		developmental	"urinary bladder, adult"	http://fantom.gsc.riken.jp/5/sstar/FF:879-12E4	"tpm.urinary bladder, adult.CNhs10481.879-12E4"
336	210	4	20		developmental	"uterus, adult"	http://fantom.gsc.riken.jp/5/sstar/FF:92-27E5	"tpm.uterus, adult.CNhs10509.92-27E5"
335	211				developmental	"uterus, adult pregnant day19"	http://fantom.gsc.riken.jp/5/sstar/FF:590-15F5	"tpm.uterus, adult pregnant day19.CNhs10497.590-15F5"
337	212				developmental	"vagina, adult"	http://fantom.gsc.riken.jp/5/sstar/FF:89-27D5	"tpm.vagina, adult.CNhs10502.89-27D5"
338	213				developmental	"vesicular gland, adult"	http://fantom.gsc.riken.jp/5/sstar/FF:51-27F8	"tpm.vesicular gland, adult.CNhs10491.51-27F8"
339	214				developmental	"visual cortex - wildtype, neonate N15"	http://fantom.gsc.riken.jp/5/sstar/FF:10235-104A1	"tpm.visual cortex - wildtype, neonate N15, donor1.CNhs13031.10235-104A1"
340	214				developmental	"visual cortex - wildtype, neonate N15"	http://fantom.gsc.riken.jp/5/sstar/FF:10236-104A2	"tpm.visual cortex - wildtype, neonate N15, donor2.CNhs13032.10236-104A2"
341	214				developmental	"visual cortex - wildtype, neonate N15"	http://fantom.gsc.riken.jp/5/sstar/FF:10237-104A3	"tpm.visual cortex - wildtype, neonate N15, donor3.CNhs13033.10237-104A3"
342	214				developmental	"visual cortex - wildtype, neonate N15"	http://fantom.gsc.riken.jp/5/sstar/FF:10349-105D7	"tpm.visual cortex - wildtype, neonate N15, donor5.CNhs13820.10349-105D7"
343	215				developmental	"visual cortex - wildtype, neonate N30"	http://fantom.gsc.riken.jp/5/sstar/FF:10238-104A4	"tpm.visual cortex - wildtype, neonate N30, donor1.CNhs13034.10238-104A4"
344	215				developmental	"visual cortex - wildtype, neonate N30"	http://fantom.gsc.riken.jp/5/sstar/FF:10239-104A5	"tpm.visual cortex - wildtype, neonate N30, donor2.CNhs13035.10239-104A5"
345	215				developmental	"visual cortex - wildtype, neonate N30"	http://fantom.gsc.riken.jp/5/sstar/FF:10240-104A6	"tpm.visual cortex - wildtype, neonate N30, donor3.CNhs13036.10240-104A6"
346	216				developmental	"visual cortex - wildtype, neonate N60-70"	http://fantom.gsc.riken.jp/5/sstar/FF:10241-104A7	"tpm.visual cortex - wildtype, neonate N60-70, donor1.CNhs13037.10241-104A7"
347	216				developmental	"visual cortex - wildtype, neonate N60-70"	http://fantom.gsc.riken.jp/5/sstar/FF:10242-104A8	"tpm.visual cortex - wildtype, neonate N60-70, donor2.CNhs13038.10242-104A8"
348	216				developmental	"visual cortex - wildtype, neonate N60-70"	http://fantom.gsc.riken.jp/5/sstar/FF:10243-104A9	"tpm.visual cortex - wildtype, neonate N60-70, donor3.CNhs13039.10243-104A9"
349	217				developmental	"whole body, embryo E11"	http://fantom.gsc.riken.jp/5/sstar/FF:324-5I8	"tpm.whole body, embryo E11.CNhs11014.324-5I8"
350	218				developmental	"whole body, embryo E12"	http://fantom.gsc.riken.jp/5/sstar/FF:857-27C9	"tpm.whole body, embryo E12.CNhs10587.857-27C9"
351	219				developmental	"whole body, embryo E13"	http://fantom.gsc.riken.jp/5/sstar/FF:372-23H2	"tpm.whole body, embryo E13.CNhs10512.372-23H2"
353	220				developmental	"whole body, embryo E14"	http://fantom.gsc.riken.jp/5/sstar/FF:395-14B1	"tpm.whole body, embryo E14.CNhs10519.395-14B1"
352	221				developmental	"whole body, embryo E14.5"	http://fantom.gsc.riken.jp/5/sstar/FF:420-27D2	"tpm.whole body, embryo E14.5.CNhs10578.420-27D2"
354	222				developmental	"whole body, embryo E16"	http://fantom.gsc.riken.jp/5/sstar/FF:453-14F2	"tpm.whole body, embryo E16.CNhs10514.453-14F2"
384	223				developmental	"whole body, embryo E17"	http://fantom.gsc.riken.jp/5/sstar/FF:475-3I5	"tpm.whole body, embryo E17.CNhs10517.475-3I5"
383	224				developmental	"whole body, embryo E17.5"	http://fantom.gsc.riken.jp/5/sstar/FF:490-9F9	"tpm.whole body, embryo E17.5.CNhs10513.490-9F9"
355	225				developmental	"whole body, embryo E17.5 (internal control)"	http://fantom.gsc.riken.jp/5/sstar/FF:3139-67G5	"tpm.whole body, embryo E17.5, pool1 (internal control).CNhs10479.3139-67G5"
356	225				developmental	"whole body, embryo E17.5 (internal control)"	http://fantom.gsc.riken.jp/5/sstar/FF:3139-67G5	"tpm.whole body, embryo E17.5, pool1 (internal control).CNhs10495.3139-67G5"
357	225				developmental	"whole body, embryo E17.5 (internal control)"	http://fantom.gsc.riken.jp/5/sstar/FF:3139-67G5	"tpm.whole body, embryo E17.5, pool1 (internal control).CNhs10511.3139-67G5"
358	225				developmental	"whole body, embryo E17.5 (internal control)"	http://fantom.gsc.riken.jp/5/sstar/FF:3139-67G5	"tpm.whole body, embryo E17.5, pool1 (internal control).CNhs10527.3139-67G5"
359	225				developmental	"whole body, embryo E17.5 (internal control)"	http://fantom.gsc.riken.jp/5/sstar/FF:3139-67G5	"tpm.whole body, embryo E17.5, pool1 (internal control).CNhs10591.3139-67G5"
360	225				developmental	"whole body, embryo E17.5 (internal control)"	http://fantom.gsc.riken.jp/5/sstar/FF:3139-67G5	"tpm.whole body, embryo E17.5, pool1 (internal control).CNhs10607.3139-67G5"
361	225				developmental	"whole body, embryo E17.5 (internal control)"	http://fantom.gsc.riken.jp/5/sstar/FF:3139-67G5	"tpm.whole body, embryo E17.5, pool1 (internal control).CNhs10623.3139-67G5"
362	225				developmental	"whole body, embryo E17.5 (internal control)"	http://fantom.gsc.riken.jp/5/sstar/FF:3139-67G5	"tpm.whole body, embryo E17.5, pool1 (internal control).CNhs10639.3139-67G5"
363	225				developmental	"whole body, embryo E17.5 (internal control)"	http://fantom.gsc.riken.jp/5/sstar/FF:3139-67G5	"tpm.whole body, embryo E17.5, pool1 (internal control).CNhs10655.3139-67G5"
364	225				developmental	"whole body, embryo E17.5 (internal control)"	http://fantom.gsc.riken.jp/5/sstar/FF:3139-67G5	"tpm.whole body, embryo E17.5, pool1 (internal control).CNhs10725.3139-67G5"
365	225				developmental	"whole body, embryo E17.5 (internal control)"	http://fantom.gsc.riken.jp/5/sstar/FF:3139-67G5	"tpm.whole body, embryo E17.5, pool1 (internal control).CNhs10749.3139-67G5"
366	225				developmental	"whole body, embryo E17.5 (internal control)"	http://fantom.gsc.riken.jp/5/sstar/FF:3139-67G5	"tpm.whole body, embryo E17.5, pool1 (internal control).CNhs10840.3139-67G5"
367	225				developmental	"whole body, embryo E17.5 (internal control)"	http://fantom.gsc.riken.jp/5/sstar/FF:3139-67G5	"tpm.whole body, embryo E17.5, pool1 (internal control).CNhs10856.3139-67G5"
368	225				developmental	"whole body, embryo E17.5 (internal control)"	http://fantom.gsc.riken.jp/5/sstar/FF:3139-67G5	"tpm.whole body, embryo E17.5, pool1 (internal control).CNhs10880.3139-67G5"
369	225				developmental	"whole body, embryo E17.5 (internal control)"	http://fantom.gsc.riken.jp/5/sstar/FF:3139-67G5	"tpm.whole body, embryo E17.5, pool1 (internal control).CNhs11000.3139-67G5"
370	225				developmental	"whole body, embryo E17.5 (internal control)"	http://fantom.gsc.riken.jp/5/sstar/FF:3139-67G5	"tpm.whole body, embryo E17.5, pool1 (internal control).CNhs11024.3139-67G5"
371	225				developmental	"whole body, embryo E17.5 (internal control)"	http://fantom.gsc.riken.jp/5/sstar/FF:3139-67G5	"tpm.whole body, embryo E17.5, pool1 (internal control).CNhs11032.3139-67G5"
372	225				developmental	"whole body, embryo E17.5 (internal control)"	http://fantom.gsc.riken.jp/5/sstar/FF:3139-67G5	"tpm.whole body, embryo E17.5, pool1 (internal control).CNhs11048.3139-67G5"
373	225				developmental	"whole body, embryo E17.5 (internal control)"	http://fantom.gsc.riken.jp/5/sstar/FF:3139-67G5	"tpm.whole body, embryo E17.5, pool1 (internal control).CNhs11072.3139-67G5"
374	225				developmental	"whole body, embryo E17.5 (internal control)"	http://fantom.gsc.riken.jp/5/sstar/FF:3139-67G5	"tpm.whole body, embryo E17.5, pool1 (internal control).CNhs11080.3139-67G5"
375	225				developmental	"whole body, embryo E17.5 (internal control)"	http://fantom.gsc.riken.jp/5/sstar/FF:3139-67G5	"tpm.whole body, embryo E17.5, pool1 (internal control).CNhs11096.3139-67G5"
376	225				developmental	"whole body, embryo E17.5 (internal control)"	http://fantom.gsc.riken.jp/5/sstar/FF:3139-67G5	"tpm.whole body, embryo E17.5, pool1 (internal control).CNhs11120.3139-67G5"
377	225				developmental	"whole body, embryo E17.5 (internal control)"	http://fantom.gsc.riken.jp/5/sstar/FF:3139-67G5	"tpm.whole body, embryo E17.5, pool1 (internal control).CNhs11128.3139-67G5"
378	225				developmental	"whole body, embryo E17.5 (internal control)"	http://fantom.gsc.riken.jp/5/sstar/FF:3139-67G5	"tpm.whole body, embryo E17.5, pool1 (internal control).CNhs11184.3139-67G5"
379	225				developmental	"whole body, embryo E17.5 (internal control)"	http://fantom.gsc.riken.jp/5/sstar/FF:3139-67G5	"tpm.whole body, embryo E17.5, pool1 (internal control).CNhs11208.3139-67G5"
380	225				developmental	"whole body, embryo E17.5 (internal control)"	http://fantom.gsc.riken.jp/5/sstar/FF:3139-67G5	"tpm.whole body, embryo E17.5, pool1 (internal control).CNhs11216.3139-67G5"
381	225				developmental	"whole body, embryo E17.5 (internal control)"	http://fantom.gsc.riken.jp/5/sstar/FF:3139-67G5	"tpm.whole body, embryo E17.5, pool1 (internal control).CNhs11246.3139-67G5"
382	225				developmental	"whole body, embryo E17.5 (internal control)"	http://fantom.gsc.riken.jp/5/sstar/FF:3139-67G5	"tpm.whole body, embryo E17.5, pool1 (internal control).CNhs11278.3139-67G5"
385	226				developmental	"whole body, embryo E18"	http://fantom.gsc.riken.jp/5/sstar/FF:493-3B3	"tpm.whole body, embryo E18.CNhs10516.493-3B3"
386	227				developmental	"whole body, neonate N00"	http://fantom.gsc.riken.jp/5/sstar/FF:657-19C2	"tpm.whole body, neonate N00.CNhs10525.657-19C2"
387	228				developmental	"whole body, neonate N01"	http://fantom.gsc.riken.jp/5/sstar/FF:659-23C6	"tpm.whole body, neonate N01.CNhs10576.659-23C6"
388	229				developmental	"whole body, neonate N06"	http://fantom.gsc.riken.jp/5/sstar/FF:692-21D1	"tpm.whole body, neonate N06.CNhs10515.692-21D1"
389	230				developmental	"whole body, neonate N10"	http://fantom.gsc.riken.jp/5/sstar/FF:761-6B4	"tpm.whole body, neonate N10.CNhs10518.761-6B4"
1	231			primary cells		Atoh1+ Inner ear hair cells - organ of corti	http://fantom.gsc.riken.jp/5/sstar/FF:12158-128G7	"tpm.Atoh1+ Inner ear hair cells - organ of corti, pool1.CNhs12533.12158-128G7"
2	232			primary cells		"CD326+ enterocyte isolated from mice, treated with RANKL, day03"	http://fantom.gsc.riken.jp/5/sstar/FF:11850-124I5	"tpm.CD326+ enterocyte isolated from mice, treated with RANKL, day03, pool1.CNhs13242.11850-124I5"
3	232			primary cells		"CD326+ enterocyte isolated from mice, treated with RANKL, day03"	http://fantom.gsc.riken.jp/5/sstar/FF:11851-124I6	"tpm.CD326+ enterocyte isolated from mice, treated with RANKL, day03, pool2.CNhs13233.11851-124I6"
4	233			primary cells		CD326+ enterocyte	http://fantom.gsc.riken.jp/5/sstar/FF:11848-124I3	"tpm.CD326+ enterocyte, pool1.CNhs13542.11848-124I3"
5	233			primary cells		CD326+ enterocyte	http://fantom.gsc.riken.jp/5/sstar/FF:11849-124I4	"tpm.CD326+ enterocyte, pool2.CNhs13197.11849-124I4"
6	234			primary cells		"CD326++ enterocyte isolated from mice, treated with RANKL, day03"	http://fantom.gsc.riken.jp/5/sstar/FF:11852-124I7	"tpm.CD326++ enterocyte isolated from mice, treated with RANKL, day03, pool1.CNhs13236.11852-124I7"
7	234			primary cells		"CD326++ enterocyte isolated from mice, treated with RANKL, day03"	http://fantom.gsc.riken.jp/5/sstar/FF:11853-124I8	"tpm.CD326++ enterocyte isolated from mice, treated with RANKL, day03, pool2.CNhs13210.11853-124I8"
11	235			primary cells		"CD4+CD25-CD44- naive conventional T cells, antiCD3_CD28 stimulation, 06hr (C57BL_6J)"	http://fantom.gsc.riken.jp/5/sstar/FF:11815-124E6	"tpm.CD4+CD25-CD44- naive conventional T cells, antiCD3_CD28 stimulation, 06hr, pool1 (C57BL_6J).CNhs13218.11815-124E6"
12	236			primary cells		"CD4+CD25-CD44- naive conventional T cells, antiCD3_CD28 stimulation, 06hr (Balb_cAJcl)"	http://fantom.gsc.riken.jp/5/sstar/FF:11819-124F1	"tpm.CD4+CD25-CD44- naive conventional T cells, antiCD3_CD28 stimulation, 06hr, pool2 (Balb_cAJcl).CNhs13225.11819-124F1"
9	237			primary cells		"CD4+CD25-CD44- naive conventional T cells, PMA and ionomycin stimulation, 02hr (C57BL_6J)"	http://fantom.gsc.riken.jp/5/sstar/FF:11816-124E7	"tpm.CD4+CD25-CD44- naive conventional T cells, PMA and ionomycin stimulation, 02hr, pool1 (C57BL_6J).CNhs13219.11816-124E7"
10	238			primary cells		"CD4+CD25-CD44- naive conventional T cells, PMA and ionomycin stimulation, 02hr (Balb_cAJcl)"	http://fantom.gsc.riken.jp/5/sstar/FF:11820-124F2	"tpm.CD4+CD25-CD44- naive conventional T cells, PMA and ionomycin stimulation, 02hr, pool2 (Balb_cAJcl).CNhs13226.11820-124F2"
13	239			primary cells		CD4+CD25-CD44- naive conventional T cells (C57BL_6J)	http://fantom.gsc.riken.jp/5/sstar/FF:11813-124E4	"tpm.CD4+CD25-CD44- naive conventional T cells, pool1 (C57BL_6J).CNhs13217.11813-124E4"
8	240			primary cells		CD4+CD25+ regulatory T cells (Balb_cAJcl)	http://fantom.gsc.riken.jp/5/sstar/FF:11818-124E9	"tpm.CD4+CD25+ regulatory T cells, pool2 (Balb_cAJcl).CNhs13221.11818-124E9"
14	240			primary cells		CD4+CD25-CD44- naive conventional T cells (Balb_cAJcl)	http://fantom.gsc.riken.jp/5/sstar/FF:11817-124E8	"tpm.CD4+CD25-CD44- naive conventional T cells, pool2 (Balb_cAJcl).CNhs13220.11817-124E8"
15	241			primary cells		CD41+ megakaryocyte cancer	http://fantom.gsc.riken.jp/5/sstar/FF:11774-124A1	"tpm.CD41+ megakaryocyte cancer, donor1.CNhs13079.11774-124A1"
16	241			primary cells		CD41+ megakaryocyte cancer	http://fantom.gsc.riken.jp/5/sstar/FF:11776-124A3	"tpm.CD41+ megakaryocyte cancer, donor2.CNhs13213.11776-124A3"
17	241			primary cells		CD41+ megakaryocyte cancer	http://fantom.gsc.riken.jp/5/sstar/FF:11778-124A5	"tpm.CD41+ megakaryocyte cancer, donor3.CNhs13506.11778-124A5"
18	242			primary cells		CD41+ megakaryocyte control	http://fantom.gsc.riken.jp/5/sstar/FF:11775-124A2	"tpm.CD41+ megakaryocyte control, donor1.CNhs13212.11775-124A2"
19	242			primary cells		CD41+ megakaryocyte control	http://fantom.gsc.riken.jp/5/sstar/FF:11777-124A4	"tpm.CD41+ megakaryocyte control, donor2.CNhs13214.11777-124A4"
20	242			primary cells		CD41+ megakaryocyte control	http://fantom.gsc.riken.jp/5/sstar/FF:11779-124A6	"tpm.CD41+ megakaryocyte control, donor3.CNhs13201.11779-124A6"
127	243			primary cells		common myeloid progenitor CMP	http://fantom.gsc.riken.jp/5/sstar/FF:12122-128C7	"tpm.common myeloid progenitor CMP, biol_rep1.CNhs12550.12122-128C7"
128	243			primary cells		common myeloid progenitor CMP	http://fantom.gsc.riken.jp/5/sstar/FF:12125-128D1	"tpm.common myeloid progenitor CMP, biol_rep2.CNhs12203.12125-128D1"
129	243			primary cells		common myeloid progenitor CMP	http://fantom.gsc.riken.jp/5/sstar/FF:12128-128D4	"tpm.common myeloid progenitor CMP, biol_rep3.CNhs12551.12128-128D4"
22	244			primary cells		"EBF KO HPCs induced to T cell, 00hr00min"	http://fantom.gsc.riken.jp/5/sstar/FF:12972-138H2	"tpm.EBF KO HPCs induced to T cell, 00hr00min, biol_rep1.CNhs11058.12972-138H2"
23	244			primary cells		"EBF KO HPCs induced to T cell, 00hr00min"	http://fantom.gsc.riken.jp/5/sstar/FF:12988-138I9	"tpm.EBF KO HPCs induced to T cell, 00hr00min, biol_rep2.CNhs12980.12988-138I9"
26	245			primary cells		GP2+ M cell	http://fantom.gsc.riken.jp/5/sstar/FF:11845-124H9	"tpm.GP2+ M cell, pool1.CNhs13228.11845-124H9"
27	245			primary cells		GP2+ M cell	http://fantom.gsc.riken.jp/5/sstar/FF:11846-124I1	"tpm.GP2+ M cell, pool2.CNhs13231.11846-124I1"
28	245			primary cells		GP2+ M cell	http://fantom.gsc.riken.jp/5/sstar/FF:11847-124I2	"tpm.GP2+ M cell, pool3.CNhs13240.11847-124I2"
157	246			primary cells		granulocyte macrophage progenitor GMP	http://fantom.gsc.riken.jp/5/sstar/FF:12123-128C8	"tpm.granulocyte macrophage progenitor GMP, biol_rep1.CNhs12206.12123-128C8"
158	246			primary cells		granulocyte macrophage progenitor GMP	http://fantom.gsc.riken.jp/5/sstar/FF:12126-128D2	"tpm.granulocyte macrophage progenitor GMP, biol_rep2.CNhs12202.12126-128D2"
159	246			primary cells		granulocyte macrophage progenitor GMP	http://fantom.gsc.riken.jp/5/sstar/FF:12129-128D5	"tpm.granulocyte macrophage progenitor GMP, biol_rep3.CNhs11928.12129-128D5"
32	247			primary cells		"J2E erythroblastic leukemia response to erythropoietin, 00hr00min"	http://fantom.gsc.riken.jp/5/sstar/FF:13063-139I3	"tpm.J2E erythroblastic leukemia response to erythropoietin, 00hr00min, biol_rep1.CNhs12449.13063-139I3"
33	247			primary cells		"J2E erythroblastic leukemia response to erythropoietin, 00hr00min"	http://fantom.gsc.riken.jp/5/sstar/FF:13129-140G6	"tpm.J2E erythroblastic leukemia response to erythropoietin, 00hr00min, biol_rep2.CNhs12668.13129-140G6"
34	247			primary cells		"J2E erythroblastic leukemia response to erythropoietin, 00hr00min"	http://fantom.gsc.riken.jp/5/sstar/FF:13195-141E9	"tpm.J2E erythroblastic leukemia response to erythropoietin, 00hr00min, biol_rep3.CNhs12770.13195-141E9"
35	248			primary cells		Lgr5 positive intestinal stem cells	http://fantom.gsc.riken.jp/5/sstar/FF:12228-129F5	"tpm.Lgr5 positive intestinal stem cells, pool1.CNhs12555.12228-129F5"
36	248			primary cells		Lgr5 positive intestinal stem cells	http://fantom.gsc.riken.jp/5/sstar/FF:12229-129F6	"tpm.Lgr5 positive intestinal stem cells, pool2.CNhs12556.12229-129F6"
37	248			primary cells		Lgr5 positive intestinal stem cells	http://fantom.gsc.riken.jp/5/sstar/FF:12230-129F7	"tpm.Lgr5 positive intestinal stem cells, pool3.CNhs12557.12230-129F7"
233	249			primary cells		"macrophage, bone marrow derived"	http://fantom.gsc.riken.jp/5/sstar/FF:3560-170A1	"tpm.macrophage, bone marrow derived, pool1.CNhs11457.3560-170A1"
234	249			primary cells		"macrophage, bone marrow derived"	http://fantom.gsc.riken.jp/5/sstar/FF:3632-171A1	"tpm.macrophage, bone marrow derived, pool2.CNhs11532.3632-171A1"
38	250			primary cells		"MC1+Gr1+ myeloid-derived suppressor cells cancer (10,11,12 3LL)"	http://fantom.gsc.riken.jp/5/sstar/FF:12159-128G8	"tpm.MC1+Gr1+ myeloid-derived suppressor cells cancer, donor1 (10,11,12 3LL).CNhs12539.12159-128G8"
39	250			primary cells		MC1+Gr1+ myeloid-derived suppressor cells cancer (0127 3LL)	http://fantom.gsc.riken.jp/5/sstar/FF:12161-128H1	"tpm.MC1+Gr1+ myeloid-derived suppressor cells cancer, donor2 (0127 3LL).CNhs12198.12161-128H1"
40	250			primary cells		MC1+Gr1+ myeloid-derived suppressor cells cancer (0128 3LL)	http://fantom.gsc.riken.jp/5/sstar/FF:12163-128H3	"tpm.MC1+Gr1+ myeloid-derived suppressor cells cancer, donor3 (0128 3LL).CNhs12542.12163-128H3"
41	251			primary cells		"MC1+Gr1+ myeloid-derived suppressor cells control (4,5,6PBS)"	http://fantom.gsc.riken.jp/5/sstar/FF:12160-128G9	"tpm.MC1+Gr1+ myeloid-derived suppressor cells control, donor1 (4,5,6PBS).CNhs12540.12160-128G9"
42	251			primary cells		MC1+Gr1+ myeloid-derived suppressor cells control (0127 PBS)	http://fantom.gsc.riken.jp/5/sstar/FF:12162-128H2	"tpm.MC1+Gr1+ myeloid-derived suppressor cells control, donor2 (0127 PBS).CNhs12541.12162-128H2"
43	251			primary cells		MC1+Gr1+ myeloid-derived suppressor cells control (0128 PBS)	http://fantom.gsc.riken.jp/5/sstar/FF:12164-128H4	"tpm.MC1+Gr1+ myeloid-derived suppressor cells control, donor3 (0128 PBS).CNhs12543.12164-128H4"
44	252			primary cells		Mouse Aortic Smooth Muscle cells - differentiated	http://fantom.gsc.riken.jp/5/sstar/FF:11484-119D8	"tpm.Mouse Aortic Smooth Muscle cells - differentiated, biol_rep1.CNhs11055.11484-119D8"
45	252			primary cells		Mouse Aortic Smooth Muscle cells - differentiated	http://fantom.gsc.riken.jp/5/sstar/FF:11485-119D9	"tpm.Mouse Aortic Smooth Muscle cells - differentiated, biol_rep2.CNhs11056.11485-119D9"
46	253			primary cells		Mouse Aortic Smooth Muscle cells	http://fantom.gsc.riken.jp/5/sstar/FF:11299-117B3	"tpm.Mouse Aortic Smooth Muscle cells, donor1.CNhs11297.11299-117B3"
47	254			primary cells		Mouse Astrocytes - cerebellar	http://fantom.gsc.riken.jp/5/sstar/FF:11708-123B7	"tpm.Mouse Astrocytes - cerebellar, donor1.CNhs13077.11708-123B7"
48	254			primary cells		Mouse Astrocytes - cerebellar	http://fantom.gsc.riken.jp/5/sstar/FF:11550-120C2	"tpm.Mouse Astrocytes - cerebellar, donor2.CNhs12076.11550-120C2"
49	255			primary cells		Mouse Astrocytes - hippocampus	http://fantom.gsc.riken.jp/5/sstar/FF:11709-123B8	"tpm.Mouse Astrocytes - hippocampus, donor1.CNhs12129.11709-123B8"
50	255			primary cells		Mouse Astrocytes - hippocampus	http://fantom.gsc.riken.jp/5/sstar/FF:11551-120C3	"tpm.Mouse Astrocytes - hippocampus, donor2.CNhs12077.11551-120C3"
51	256			primary cells		Mouse Astrocytes	http://fantom.gsc.riken.jp/5/sstar/FF:11552-120C4	"tpm.Mouse Astrocytes, donor2.CNhs12078.11552-120C4"
52	256			primary cells		Mouse Astrocytes	http://fantom.gsc.riken.jp/5/sstar/FF:11633-122C4	"tpm.Mouse Astrocytes, donor3.CNhs12107.11633-122C4"
56	257			primary cells		Mouse Cardiac Myocytes	http://fantom.gsc.riken.jp/5/sstar/FF:11711-123C1	"tpm.Mouse Cardiac Myocytes, donor1.CNhs12355.11711-123C1"
57	257			primary cells		Mouse Cardiac Myocytes	http://fantom.gsc.riken.jp/5/sstar/FF:11729-123E1	"tpm.Mouse Cardiac Myocytes, donor2.CNhs12356.11729-123E1"
58	257			primary cells		Mouse Cardiac Myocytes	http://fantom.gsc.riken.jp/5/sstar/FF:11634-122C5	"tpm.Mouse Cardiac Myocytes, donor3.CNhs12353.11634-122C5"
53	258			primary cells		Mouse CD19+ B Cells	http://fantom.gsc.riken.jp/5/sstar/FF:11856-125A2	"tpm.Mouse CD19+ B Cells, donor1.CNhs13531.11856-125A2"
54	259			primary cells		Mouse CD4+ T Cells	http://fantom.gsc.riken.jp/5/sstar/FF:11854-124I9	"tpm.Mouse CD4+ T Cells, donor1.CNhs13509.11854-124I9"
55	260			primary cells		Mouse CD8+ T Cells	http://fantom.gsc.riken.jp/5/sstar/FF:11855-125A1	"tpm.Mouse CD8+ T Cells, donor1.CNhs13511.11855-125A1"
59	261			primary cells		Mouse Granule cells	http://fantom.gsc.riken.jp/5/sstar/FF:11713-123C3	"tpm.Mouse Granule cells, donor1.CNhs12131.11713-123C3"
60	261			primary cells		Mouse Granule cells	http://fantom.gsc.riken.jp/5/sstar/FF:11731-123E3	"tpm.Mouse Granule cells, donor2.CNhs12357.11731-123E3"
61	261			primary cells		Mouse Granule cells	http://fantom.gsc.riken.jp/5/sstar/FF:11636-122C7	"tpm.Mouse Granule cells, donor3.CNhs12108.11636-122C7"
91	262			primary cells		Mouse hepatic Sinusoidal Endothelial Cells	http://fantom.gsc.riken.jp/5/sstar/FF:11830-124G3	"tpm.Mouse hepatic Sinusoidal Endothelial Cells, donor1.CNhs13209.11830-124G3"
92	263			primary cells		Mouse hepatic Stellate Cells (lipocyte)	http://fantom.gsc.riken.jp/5/sstar/FF:11825-124F7	"tpm.Mouse hepatic Stellate Cells (lipocyte), donor1.CNhs13196.11825-124F7"
93	264			primary cells		Mouse hepatocyte	http://fantom.gsc.riken.jp/5/sstar/FF:11714-123C4	"tpm.Mouse hepatocyte, donor1.CNhs13078.11714-123C4"
94	264			primary cells		Mouse hepatocyte	http://fantom.gsc.riken.jp/5/sstar/FF:11637-122C8	"tpm.Mouse hepatocyte, donor3.CNhs12615.11637-122C8"
95	264			primary cells		Mouse hepatocyte	http://fantom.gsc.riken.jp/5/sstar/FF:11822-124F4	"tpm.Mouse hepatocyte, donor6.CNhs13090.11822-124F4"
96	264			primary cells		Mouse hepatocyte	http://fantom.gsc.riken.jp/5/sstar/FF:11824-124F6	"tpm.Mouse hepatocyte, donor8.CNhs13091.11824-124F6"
62	265			primary cells		Mouse Meningeal cells	http://fantom.gsc.riken.jp/5/sstar/FF:11716-123C6	"tpm.Mouse Meningeal cells, donor1.CNhs12132.11716-123C6"
63	265			primary cells		Mouse Meningeal cells	http://fantom.gsc.riken.jp/5/sstar/FF:11639-122D1	"tpm.Mouse Meningeal cells, donor3.CNhs12109.11639-122D1"
64	266			primary cells		Mouse Mesenchymal stem cells - bone marrow derived	http://fantom.gsc.riken.jp/5/sstar/FF:11717-123C7	"tpm.Mouse Mesenchymal stem cells - bone marrow derived, donor1.CNhs12628.11717-123C7"
65	266			primary cells		Mouse Mesenchymal stem cells - bone marrow derived	http://fantom.gsc.riken.jp/5/sstar/FF:11735-123E7	"tpm.Mouse Mesenchymal stem cells - bone marrow derived, donor2.CNhs12633.11735-123E7"
66	266			primary cells		Mouse Mesenchymal stem cells - bone marrow derived	http://fantom.gsc.riken.jp/5/sstar/FF:11640-122D2	"tpm.Mouse Mesenchymal stem cells - bone marrow derived, donor3.CNhs12616.11640-122D2"
67	267			primary cells		Mouse Microglia	http://fantom.gsc.riken.jp/5/sstar/FF:11718-123C8	"tpm.Mouse Microglia, donor1.CNhs12629.11718-123C8"
68	267			primary cells		Mouse Microglia	http://fantom.gsc.riken.jp/5/sstar/FF:11736-123E8	"tpm.Mouse Microglia, donor2.CNhs12634.11736-123E8"
69	268			primary cells		Mouse Neurons - cortical	http://fantom.gsc.riken.jp/5/sstar/FF:11724-123D5	"tpm.Mouse Neurons - cortical, donor1.CNhs12025.11724-123D5"
70	268			primary cells		Mouse Neurons - cortical	http://fantom.gsc.riken.jp/5/sstar/FF:11742-123F5	"tpm.Mouse Neurons - cortical, donor2.CNhs11947.11742-123F5"
71	268			primary cells		Mouse Neurons - cortical	http://fantom.gsc.riken.jp/5/sstar/FF:11647-122D9	"tpm.Mouse Neurons - cortical, donor3.CNhs12112.11647-122D9"
72	269			primary cells		Mouse Neurons - dorsal spinal cord	http://fantom.gsc.riken.jp/5/sstar/FF:11738-123F1	"tpm.Mouse Neurons - dorsal spinal cord, donor2.CNhs12635.11738-123F1"
73	269			primary cells		Mouse Neurons - dorsal spinal cord	http://fantom.gsc.riken.jp/5/sstar/FF:11643-122D5	"tpm.Mouse Neurons - dorsal spinal cord, donor3.CNhs12618.11643-122D5"
74	270			primary cells		Mouse Neurons - hippocampal	http://fantom.gsc.riken.jp/5/sstar/FF:11721-123D2	"tpm.Mouse Neurons - hippocampal, donor1.CNhs12133.11721-123D2"
75	270			primary cells		Mouse Neurons - hippocampal	http://fantom.gsc.riken.jp/5/sstar/FF:11739-123F2	"tpm.Mouse Neurons - hippocampal, donor2.CNhs12359.11739-123F2"
76	270			primary cells		Mouse Neurons - hippocampal	http://fantom.gsc.riken.jp/5/sstar/FF:11644-122D6	"tpm.Mouse Neurons - hippocampal, donor3.CNhs12110.11644-122D6"
77	271			primary cells		Mouse Neurons - raphe	http://fantom.gsc.riken.jp/5/sstar/FF:11722-123D3	"tpm.Mouse Neurons - raphe, donor1.CNhs12631.11722-123D3"
78	271			primary cells		Mouse Neurons - raphe	http://fantom.gsc.riken.jp/5/sstar/FF:11740-123F3	"tpm.Mouse Neurons - raphe, donor2.CNhs12636.11740-123F3"
79	271			primary cells		Mouse Neurons - raphe	http://fantom.gsc.riken.jp/5/sstar/FF:11645-122D7	"tpm.Mouse Neurons - raphe, donor3.CNhs12619.11645-122D7"
80	272			primary cells		Mouse Neurons - striatal	http://fantom.gsc.riken.jp/5/sstar/FF:11723-123D4	"tpm.Mouse Neurons - striatal, donor1.CNhs12134.11723-123D4"
81	272			primary cells		Mouse Neurons - striatal	http://fantom.gsc.riken.jp/5/sstar/FF:11741-123F4	"tpm.Mouse Neurons - striatal, donor2.CNhs12360.11741-123F4"
82	272			primary cells		Mouse Neurons - striatal	http://fantom.gsc.riken.jp/5/sstar/FF:11646-122D8	"tpm.Mouse Neurons - striatal, donor3.CNhs12111.11646-122D8"
83	273			primary cells		Mouse Neurons - substantia nigra	http://fantom.gsc.riken.jp/5/sstar/FF:11489-119E4	"tpm.Mouse Neurons - substantia nigra, donor4, tech_rep1.CNhs12612.11489-119E4"
84	273			primary cells		Mouse Neurons - substantia nigra	http://fantom.gsc.riken.jp/5/sstar/FF:11490-119E5	"tpm.Mouse Neurons - substantia nigra, donor5.CNhs12614.11490-119E5"
85	273			primary cells		Mouse Neurons - substantia nigra	http://fantom.gsc.riken.jp/5/sstar/FF:11770-123I6	"tpm.Mouse Neurons - substantia nigra, donor6.CNhs12643.11770-123I6"
86	274			primary cells		Mouse Neurons - ventral spinal cord	http://fantom.gsc.riken.jp/5/sstar/FF:11725-123D6	"tpm.Mouse Neurons - ventral spinal cord, donor1.CNhs12632.11725-123D6"
87	274			primary cells		Mouse Neurons - ventral spinal cord	http://fantom.gsc.riken.jp/5/sstar/FF:11743-123F6	"tpm.Mouse Neurons - ventral spinal cord, donor2.CNhs12638.11743-123F6"
88	274			primary cells		Mouse Neurons - ventral spinal cord	http://fantom.gsc.riken.jp/5/sstar/FF:11648-122E1	"tpm.Mouse Neurons - ventral spinal cord, donor3.CNhs12113.11648-122E1"
89	275			primary cells		Mouse Schwann	http://fantom.gsc.riken.jp/5/sstar/FF:11728-123D9	"tpm.Mouse Schwann, donor1.CNhs12507.11728-123D9"
90	275			primary cells		Mouse Schwann	http://fantom.gsc.riken.jp/5/sstar/FF:11746-123F9	"tpm.Mouse Schwann, donor2.CNhs12573.11746-123F9"
241	276			primary cells		neurospheres - enteric neuron derived	http://fantom.gsc.riken.jp/5/sstar/FF:11810-124E1	"tpm.neurospheres - enteric neuron derived, biol_rep1.CNhs13087.11810-124E1"
242	276			primary cells		neurospheres - enteric neuron derived	http://fantom.gsc.riken.jp/5/sstar/FF:11811-124E2	"tpm.neurospheres - enteric neuron derived, biol_rep2.CNhs13088.11811-124E2"
243	276			primary cells		neurospheres - enteric neuron derived	http://fantom.gsc.riken.jp/5/sstar/FF:11812-124E3	"tpm.neurospheres - enteric neuron derived, biol_rep3.CNhs13089.11812-124E3"
244	277			primary cells		neurospheres - parasympathetic neuron derived	http://fantom.gsc.riken.jp/5/sstar/FF:11807-124D7	"tpm.neurospheres - parasympathetic neuron derived, biol_rep1.CNhs13084.11807-124D7"
245	277			primary cells		neurospheres - parasympathetic neuron derived	http://fantom.gsc.riken.jp/5/sstar/FF:11808-124D8	"tpm.neurospheres - parasympathetic neuron derived, biol_rep2.CNhs13085.11808-124D8"
246	277			primary cells		neurospheres - parasympathetic neuron derived	http://fantom.gsc.riken.jp/5/sstar/FF:11809-124D9	"tpm.neurospheres - parasympathetic neuron derived, biol_rep3.CNhs13086.11809-124D9"
247	278			primary cells		neurospheres - sympathetic neuron derived	http://fantom.gsc.riken.jp/5/sstar/FF:11804-124D4	"tpm.neurospheres - sympathetic neuron derived, biol_rep1.CNhs13081.11804-124D4"
248	278			primary cells		neurospheres - sympathetic neuron derived	http://fantom.gsc.riken.jp/5/sstar/FF:11805-124D5	"tpm.neurospheres - sympathetic neuron derived, biol_rep2.CNhs13082.11805-124D5"
249	278			primary cells		neurospheres - sympathetic neuron derived	http://fantom.gsc.riken.jp/5/sstar/FF:11806-124D6	"tpm.neurospheres - sympathetic neuron derived, biol_rep3.CNhs13083.11806-124D6"
101	279			primary cells		CD4+CD25-CD44- naive conventional T cells (C57BL_6J)	http://fantom.gsc.riken.jp/5/sstar/FF:12157-128G6	"tpm.Sox2+ Supporting cells - organ of corti, pool1.CNhs12532.12157-128G6"
98	280			primary cells		"ST2 (Mesenchymal stem cells) cells, medium change (without induction), 00hr (000hC4)"	http://fantom.gsc.riken.jp/5/sstar/FF:12338-130I7	"tpm.ST2 (Mesenchymal stem cells) cells, medium change (without induction), 00hr, biol_rep1 (000hC4).CNhs11939.12338-130I7"
99	280			primary cells		"ST2 (Mesenchymal stem cells) cells, medium change (without induction), 00hr (000hC5)"	http://fantom.gsc.riken.jp/5/sstar/FF:12460-132E3	"tpm.ST2 (Mesenchymal stem cells) cells, medium change (without induction), 00hr, biol_rep2 (000hC5).CNhs13275.12460-132E3"
100	280			primary cells		"ST2 (Mesenchymal stem cells) cells, medium change (without induction), 00hr (000hC6)"	http://fantom.gsc.riken.jp/5/sstar/FF:12582-133I8	"tpm.ST2 (Mesenchymal stem cells) cells, medium change (without induction), 00hr, biol_rep3 (000hC6).CNhs13324.12582-133I8"
291	281			primary cells		stem cell (cKit+ Sca1- lineage-) KSL	http://fantom.gsc.riken.jp/5/sstar/FF:12121-128C6	"tpm.stem cell (cKit+ Sca1- lineage-) KSL, biol_rep1.CNhs12534.12121-128C6"
292	281			primary cells		stem cell (cKit+ Sca1- lineage-) KSL	http://fantom.gsc.riken.jp/5/sstar/FF:12124-128C9	"tpm.stem cell (cKit+ Sca1- lineage-) KSL, biol_rep2.CNhs12535.12124-128C9"
293	281			primary cells		stem cell (cKit+ Sca1- lineage-) KSL	http://fantom.gsc.riken.jp/5/sstar/FF:12127-128D3	"tpm.stem cell (cKit+ Sca1- lineage-) KSL, biol_rep3.CNhs12536.12127-128D3"
105	282			primary cells		"Tracheal epithelial cells, differentiation to ciliated epithelial cells, 000hr"	http://fantom.gsc.riken.jp/5/sstar/FF:13367-143G1	"tpm.Tracheal epithelial cells, differentiation to ciliated epithelial cells, 000hr, biol_rep1.CNhs13739.13367-143G1"
106	282			primary cells		"Tracheal epithelial cells, differentiation to ciliated epithelial cells, 000hr"	http://fantom.gsc.riken.jp/5/sstar/FF:13368-143G2	"tpm.Tracheal epithelial cells, differentiation to ciliated epithelial cells, 000hr, biol_rep2.CNhs13740.13368-143G2"
107	282			primary cells		"Tracheal epithelial cells, differentiation to ciliated epithelial cells, 000hr"	http://fantom.gsc.riken.jp/5/sstar/FF:13369-143G3	"tpm.Tracheal epithelial cells, differentiation to ciliated epithelial cells, 000hr, biol_rep3.CNhs13741.13369-143G3"
331	283			primary cells		"trophoblast stem cell line B1 differentiation, day00"	http://fantom.gsc.riken.jp/5/sstar/FF:13297-142H3	"tpm.trophoblast stem cell line B1 differentiation, day00, biol_rep1.CNhs13526.13297-142H3"
332	284			primary cells		"trophoblast stem cell line R1AB differentiation, day00"	http://fantom.gsc.riken.jp/5/sstar/FF:13283-142F7	"tpm.trophoblast stem cell line R1AB differentiation, day00, biol_rep1.CNhs13481.13283-142F7"
333	285			primary cells		"trophoblast stem cell line Rybp differentiation, day00"	http://fantom.gsc.riken.jp/5/sstar/FF:13290-142G5	"tpm.trophoblast stem cell line Rybp differentiation, day00, biol_rep1.CNhs13519.13290-142G5"
102	286			primary cells		TSt-4/DLL1 feeder cells	http://fantom.gsc.riken.jp/5/sstar/FF:12971-138H1	"tpm.TSt-4/DLL1 feeder cells, biol_rep1.CNhs13407.12971-138H1"
103	286			primary cells		TSt-4/DLL1 feeder cells	http://fantom.gsc.riken.jp/5/sstar/FF:12987-138I8	"tpm.TSt-4/DLL1 feeder cells, biol_rep2.CNhs13408.12987-138I8"
104	286			primary cells		TSt-4/DLL1 feeder cells	http://fantom.gsc.riken.jp/5/sstar/FF:13003-139B6	"tpm.TSt-4/DLL1 feeder cells, biol_rep3.CNhs13409.13003-139B6"
