#ERP000546 - Illumina bodyMap2 transcriptome				
Description (RefEx refined)	10 groups	40 groups	PAIRED	SINGLE
thyroid	10	36	ERR030872	ERR030903
testis	4	24	ERR030873	ERR030902
ovary	4	23	ERR030874	ERR030901
skeletal muscle	5	26	ERR030876	ERR030899
prostate	4	22	ERR030877	ERR030898
lymph node	2	12	ERR030878	ERR030897
lung	8	32	ERR030879	ERR030896
adipose	3	17	ERR030880	ERR030888
adrenal	10	37	ERR030881	ERR030889
brain	1	1	ERR030882	ERR030890
breast	10	39	ERR030883	ERR030891
colon	6	30	ERR030884	ERR030892
kidney	9	34	ERR030885	ERR030893
heart	5	25	ERR030886	ERR030894
liver	7	31	ERR030887	ERR030895
leukocyte	-	-		
