GSE7307 Human body index - transcriptional profiling																										
Description (RefEx refined)	Japanese	10 groups	40 groups	GSM_#1	GSM_#2	GSM_#3	GSM_#4	GSM_#5	GSM_#6	GSM_#7	GSM_#8	GSM_#9	GSM_#10	GSM_#11	GSM_#12	GSM_#13	GSM_#14	GSM_#15	GSM_#16	GSM_#17	GSM_#18	GSM_#19	GSM_#20	GSM_#21	GSM_#22	GSM_#23
accumbens	側坐核	1	1	GSM175849	GSM176156	GSM175850	GSM175851	GSM176047	GSM176153	GSM176154	GSM176155	GSM176379	GSM176357	GSM176364	GSM176366	GSM176370	GSM176373									
amygdala	扁桃体	1	1	GSM175842	GSM176149	GSM175843	GSM175844	GSM175845	GSM176045	GSM176147	GSM176148															
caudate	尾状核	1	1	GSM176363	GSM176365	GSM176369	GSM176372																			
cerebral cortex	大脳皮質	1	1	GSM176344	GSM176164	GSM176345	GSM176346	GSM176347	GSM176049	GSM176161	GSM176162	GSM176163														
frontal cortex	前頭葉皮質	1	1	GSM176293	GSM176033																					
frontal lobe	前頭葉	1	1	GSM175859	GSM176173	GSM176017	GSM175860	GSM176051	GSM176120	GSM176170	GSM176171	GSM176172														
globus pallidum external	淡蒼球外節	1	1	GSM176447	GSM176448																					
globus pallidus	淡蒼球	1	1	GSM176034																						
hippocampus	海馬	1	1	GSM175987	GSM176177	GSM175988	GSM175861	GSM176052	GSM176174	GSM176175	GSM176176															
hypothalamus	視床下部	1	1	GSM176381	GSM176233	GSM176382	GSM176383	GSM176384	GSM176116	GSM176067	GSM176226															
occipital lobe	後頭葉	1	1	GSM176352	GSM176073	GSM176353	GSM176354	GSM176355	GSM176056	GSM176206	GSM176207															
parietal lobe	頭頂葉	1	1	GSM175862	GSM176181	GSM175863	GSM175864	GSM176053	GSM176178	GSM176179	GSM176180															
prefrontal cortex	前頭葉前部	1	1	GSM176037																						
putamen	線条体被殻	1	1	GSM175846	GSM176152	GSM175847	GSM176020	GSM175848	GSM176046	GSM176169	GSM176150	GSM176151	GSM176367	GSM176371	GSM176374	GSM176380										
subthalamic nucleus	視床下核	1	1	GSM176124	GSM175869	GSM175870	GSM176058	GSM176065	GSM176210	GSM176211																
temporal lobe	側頭葉	1	1	GSM175874	GSM176215	GSM175875	GSM175876	GSM175877	GSM176060	GSM176214	GSM176069															
thalamus	視床	1	1	GSM175885	GSM176217	GSM175886	GSM175887	GSM175888	GSM176061	GSM176216	GSM176070															
thalamus lateral nuclei	視床外側核	1	1	GSM176452	GSM176454																					
thalamus subthalamic nucleus	視床下核	1	1	GSM176451	GSM176453																					
ventral tegmental area	腹側被覆野	1	1	GSM175829	GSM176223	GSM175830	GSM175831	GSM175832	GSM176064	GSM176222	GSM176071															
vestibular nuclei superior	前庭神経核	1	1	GSM176077	GSM175893	GSM175894	GSM175895	GSM176066	GSM176224	GSM176225																
cerebellar hemisphere	小脳半球	1	2	GSM176030																						
cerebellar vermis	小脳虫部	1	2	GSM176031																						
cerebellum	小脳	1	2	GSM175852	GSM176160	GSM175853	GSM175854	GSM176048	GSM176157	GSM176158	GSM176159	GSM175907														
midbrain	中脳	1	3	GSM175901	GSM175959	GSM175902	GSM175903	GSM175904	GSM175956	GSM175957	GSM176068	GSM175958														
pons	橋	1	3	GSM176036																						
substantia nigra	中脳黒質	1	3	GSM175871	GSM176125	GSM175872	GSM175873	GSM176059	GSM176212	GSM176213																
substantia nigra pars compacta	中脳黒質緻密部	1	3	GSM176393	GSM176394	GSM176397	GSM176401	GSM176403																		
substantia nigra reticulata	中脳黒質網様部	1	3	GSM176395	GSM176398	GSM176402	GSM176404																			
corpus callosum	脳梁	1	4	GSM175855	GSM176168	GSM175856	GSM175857	GSM175858	GSM176050	GSM176165	GSM176166	GSM176167														
dorsal root ganglia	後根神経節	1	6	GSM175825	GSM176075	GSM175826	GSM175827	GSM175828	GSM176062	GSM176218	GSM176219															
spinal cord	脊髄	1	7	GSM175865	GSM176074	GSM175866	GSM175867	GSM175868	GSM176057	GSM176208	GSM176209	GSM175936														
aorta	大動脈	2	10	GSM176264	GSM176016	GSM176112	GSM176263																			
coronary artery	冠状動脈	2	10	GSM175820	GSM175821	GSM176115																				
saphenous vein	伏在静脈	2	11	GSM176011	GSM175879	GSM175880																				
vena cava	大静脈	2	11	GSM176038																						
lymph nodes	リンパ節	2	12	GSM176431	GSM176432	GSM176433	GSM176434																			
tonsil	扁桃腺	2	12	GSM176015	GSM175976	GSM176114																				
spleen	脾臓	2	14	GSM176328	GSM176329	GSM176330	GSM176331	GSM175941																		
thymus gland	胸腺	2	15	GSM175973	GSM176262																					
bone marrow	骨髄	2	16	GSM175974	GSM176300	GSM175975	GSM175906	GSM175951																		
adipose tissue	脂肪組織	3	17	GSM175994	GSM176027	GSM176118																				
adipose tissue omental	大網脂肪組織	3	17	GSM175834	GSM175835	GSM175836	GSM175837																			
adipose tissue subcutaneous	皮下脂肪組織	3	17	GSM176028	GSM176119	GSM176121																				
skin	皮膚	3	19	GSM175993	GSM176267	GSM175967	GSM175998	GSM176117	GSM175948	GSM175952																
cervix	子宮頸部	4	20	GSM176140	GSM175833	GSM176130	GSM176135																			
endometrium	子宮内膜	4	20	GSM176039	GSM176137	GSM176100	GSM176101	GSM176141	GSM176142	GSM176143	GSM176144	GSM176145	GSM176146	GSM176040	GSM176041	GSM176099	GSM176043	GSM176097	GSM176098	GSM176319	GSM176093	GSM176094	GSM176095	GSM176096	GSM176127	GSM176132
myometrium	子宮筋層	4	20	GSM176245	GSM176138	GSM176253	GSM176254	GSM176256	GSM176258	GSM176260	GSM176102	GSM176104	GSM176106	GSM176108	GSM176243	GSM176110	GSM176228	GSM176230	GSM176320	GSM176247	GSM176249	GSM176251	GSM176126	GSM176128	GSM176133	
placenta	胎盤	4	21	GSM175937																						
prostate	前立腺	4	22	GSM175923	GSM175924	GSM175925	GSM175926	GSM175927	GSM175928	GSM175955																
prostate gland	前立腺	4	22	GSM176325	GSM176326	GSM176327	GSM176277	GSM176278	GSM175938																	
fallopian tube	卵管	4	23	GSM176239	GSM176032	GSM176294																				
ovary	卵巣	4	23	GSM175789	GSM176237	GSM176136	GSM176318	GSM176131																		
testes	精巣	4	24	GSM176422	GSM176423	GSM176275	GSM176113	GSM176276	GSM175942																	
heart 	心臓	5	25	GSM175935																						
heart atrium	心房	5	25	GSM176435	GSM175814	GSM175815	GSM175816																			
heart ventricle	心室	5	25	GSM175817	GSM175818	GSM175819																				
pericardium	心膜	5	25	GSM176035																						
deltoid muscle	三角筋	5	26	GSM176301	GSM176310	GSM176312	GSM176313	GSM176315	GSM176317																	
skeletal muscle	骨格筋	5	26	GSM175882	GSM175883	GSM175884	GSM175940																			
skeletal muscle-superior quadracep	骨格筋-大腿四頭筋	5	26	GSM175985																						
esophagus	食道	6	27	GSM176389	GSM176390	GSM176391	GSM176392																			
oral mucosa	口腔粘膜	6	27	GSM176385	GSM176386	GSM176387	GSM176388																			
pharyngeal mucosa	咽頭粘膜	6	27	GSM176013	GSM175991	GSM175992	GSM176025																			
stomach	胃	6	28	GSM175943																						
stomach cardiac	胃噴門部	6	28	GSM175822	GSM175823	GSM175824																				
stomach fundus	胃底	6	28	GSM176336	GSM176337	GSM176338	GSM176339																			
stomach pyloric	胃幽門部	6	28	GSM176340	GSM176341	GSM176342	GSM176343																			
small intestine	小腸	6	29	GSM175908	GSM175947																					
small intestine duodenum	十二指腸	6	29	GSM175949																						
small intestine jejunum	小腸−空腸	6	29	GSM176266	GSM175982	GSM176265																				
colon	大腸	6	30	GSM175905																						
colon cecum	大腸-盲腸	6	30	GSM175983	GSM176123	GSM175984																				
liver	肝臓	7	31	GSM176332	GSM176333	GSM176334	GSM176335																			
lung	肺	8	32	GSM176012	GSM175977	GSM176021																				
kidney	腎臓	9	34	GSM175911																						
kidney cortex	腎臓皮質	9	34	GSM176321	GSM176322	GSM176323	GSM176324																			
kidney medulla	腎臓髄質	9	34	GSM176424	GSM176425	GSM176426	GSM176427																			
pituitary gland	脳下垂体	10	35	GSM176297	GSM176411	GSM176412	GSM176413	GSM176295	GSM176296																	
thyroid gland	甲状腺	10	36	GSM176418	GSM176419	GSM176420	GSM176421	GSM175954																		
adrenal gland cortex	副腎皮質	10	37	GSM176407	GSM176408	GSM176409	GSM176410																			
pancreas	膵臓	10	38	GSM175950																						
breast	乳房	10	39	GSM175792	GSM175795																					
mammary gland	乳腺	10	39	GSM176122	GSM176231	GSM176232																				
nipple cross section	乳頭断面	10	39	GSM175838	GSM175839	GSM175840	GSM175841																			
salivary gland	唾液腺	10	40	GSM176414	GSM176415	GSM176416	GSM176417	GSM175939																		