Accession	Title	Sample Type	Taxonomy	Channels	Platform	Series	Supplementary Types	Supplementary Links	SRA Accession	Contact	Release Date
GSM175849	"Accumbens 1 Normal"	"RNA"	"Homo sapiens"	1	GPL570	GSE7307	"CEL"	"ftp://ftp.ncbi.nlm.nih.gov/geo/samples/GSM175nnn/GSM175849/suppl"		"Richard B Roth"	"Apr 09, 2007"
GSM176156	"Accumbens 10 Normal"	"RNA"	"Homo sapiens"	1	GPL570	GSE7307	"CEL"	"ftp://ftp.ncbi.nlm.nih.gov/geo/samples/GSM176nnn/GSM176156/suppl"		"Richard B Roth"	"Apr 09, 2007"
GSM175850	"Accumbens 2 Normal"	"RNA"	"Homo sapiens"	1	GPL570	GSE7307	"CEL"	"ftp://ftp.ncbi.nlm.nih.gov/geo/samples/GSM175nnn/GSM175850/suppl"		"Richard B Roth"	"Apr 09, 2007"
GSM175851	"Accumbens 3 Normal"	"RNA"	"Homo sapiens"	1	GPL570	GSE7307	"CEL"	"ftp://ftp.ncbi.nlm.nih.gov/geo/samples/GSM175nnn/GSM175851/suppl"		"Richard B Roth"	"Apr 09, 2007"
GSM176047	"Accumbens 5 Normal"	"RNA"	"Homo sapiens"	1	GPL570	GSE7307	"CEL"	"ftp://ftp.ncbi.nlm.nih.gov/geo/samples/GSM176nnn/GSM176047/suppl"		"Richard B Roth"	"Apr 09, 2007"
GSM176153	"Accumbens 7 Normal"	"RNA"	"Homo sapiens"	1	GPL570	GSE7307	"CEL"	"ftp://ftp.ncbi.nlm.nih.gov/geo/samples/GSM176nnn/GSM176153/suppl"		"Richard B Roth"	"Apr 09, 2007"
GSM176154	"Accumbens 8 Normal"	"RNA"	"Homo sapiens"	1	GPL570	GSE7307	"CEL"	"ftp://ftp.ncbi.nlm.nih.gov/geo/samples/GSM176nnn/GSM176154/suppl"		"Richard B Roth"	"Apr 09, 2007"
GSM176155	"Accumbens 9 Normal"	"RNA"	"Homo sapiens"	1	GPL570	GSE7307	"CEL"	"ftp://ftp.ncbi.nlm.nih.gov/geo/samples/GSM176nnn/GSM176155/suppl"		"Richard B Roth"	"Apr 09, 2007"
GSM176379	"Accumbens P10 Normal"	"RNA"	"Homo sapiens"	1	GPL570	GSE7307	"CEL"	"ftp://ftp.ncbi.nlm.nih.gov/geo/samples/GSM176nnn/GSM176379/suppl"		"Richard B Roth"	"Apr 09, 2007"
GSM176357	"Accumbens P5 Normal"	"RNA"	"Homo sapiens"	1	GPL570	GSE7307	"CEL"	"ftp://ftp.ncbi.nlm.nih.gov/geo/samples/GSM176nnn/GSM176357/suppl"		"Richard B Roth"	"Apr 09, 2007"
GSM176364	"Accumbens P6 Normal"	"RNA"	"Homo sapiens"	1	GPL570	GSE7307	"CEL"	"ftp://ftp.ncbi.nlm.nih.gov/geo/samples/GSM176nnn/GSM176364/suppl"		"Richard B Roth"	"Apr 09, 2007"
GSM176366	"Accumbens P7 Normal"	"RNA"	"Homo sapiens"	1	GPL570	GSE7307	"CEL"	"ftp://ftp.ncbi.nlm.nih.gov/geo/samples/GSM176nnn/GSM176366/suppl"		"Richard B Roth"	"Apr 09, 2007"
GSM176370	"Accumbens P8 Normal"	"RNA"	"Homo sapiens"	1	GPL570	GSE7307	"CEL"	"ftp://ftp.ncbi.nlm.nih.gov/geo/samples/GSM176nnn/GSM176370/suppl"		"Richard B Roth"	"Apr 09, 2007"
GSM176373	"Accumbens P9 Normal"	"RNA"	"Homo sapiens"	1	GPL570	GSE7307	"CEL"	"ftp://ftp.ncbi.nlm.nih.gov/geo/samples/GSM176nnn/GSM176373/suppl"		"Richard B Roth"	"Apr 09, 2007"
GSM175994	"Adipose Tissue 3 Normal"	"RNA"	"Homo sapiens"	1	GPL570	GSE7307	"CEL"	"ftp://ftp.ncbi.nlm.nih.gov/geo/samples/GSM175nnn/GSM175994/suppl"		"Richard B Roth"	"Apr 09, 2007"
GSM176027	"Adipose Tissue 4 Normal"	"RNA"	"Homo sapiens"	1	GPL570	GSE7307	"CEL"	"ftp://ftp.ncbi.nlm.nih.gov/geo/samples/GSM176nnn/GSM176027/suppl"		"Richard B Roth"	"Apr 09, 2007"
GSM176118	"Adipose Tissue 5 Normal"	"RNA"	"Homo sapiens"	1	GPL570	GSE7307	"CEL"	"ftp://ftp.ncbi.nlm.nih.gov/geo/samples/GSM176nnn/GSM176118/suppl"		"Richard B Roth"	"Apr 09, 2007"
GSM175834	"Adipose Tissue Omental 1 Normal"	"RNA"	"Homo sapiens"	1	GPL570	GSE7307	"CEL"	"ftp://ftp.ncbi.nlm.nih.gov/geo/samples/GSM175nnn/GSM175834/suppl"		"Richard B Roth"	"Apr 09, 2007"
GSM175835	"Adipose Tissue Omental 2 Normal"	"RNA"	"Homo sapiens"	1	GPL570	GSE7307	"CEL"	"ftp://ftp.ncbi.nlm.nih.gov/geo/samples/GSM175nnn/GSM175835/suppl"		"Richard B Roth"	"Apr 09, 2007"
GSM175836	"Adipose Tissue Omental 3 Normal"	"RNA"	"Homo sapiens"	1	GPL570	GSE7307	"CEL"	"ftp://ftp.ncbi.nlm.nih.gov/geo/samples/GSM175nnn/GSM175836/suppl"		"Richard B Roth"	"Apr 09, 2007"
GSM175837	"Adipose Tissue Omental 4 Normal"	"RNA"	"Homo sapiens"	1	GPL570	GSE7307	"CEL"	"ftp://ftp.ncbi.nlm.nih.gov/geo/samples/GSM175nnn/GSM175837/suppl"		"Richard B Roth"	"Apr 09, 2007"
GSM176028	"Adipose Tissue Subcutaneous 4 Normal"	"RNA"	"Homo sapiens"	1	GPL570	GSE7307	"CEL"	"ftp://ftp.ncbi.nlm.nih.gov/geo/samples/GSM176nnn/GSM176028/suppl"		"Richard B Roth"	"Apr 09, 2007"
GSM176119	"Adipose Tissue Subcutaneous 5 Normal"	"RNA"	"Homo sapiens"	1	GPL570	GSE7307	"CEL"	"ftp://ftp.ncbi.nlm.nih.gov/geo/samples/GSM176nnn/GSM176119/suppl"		"Richard B Roth"	"Apr 09, 2007"
GSM176121	"Adipose Tissue Subcutaneous 6 Normal"	"RNA"	"Homo sapiens"	1	GPL570	GSE7307	"CEL"	"ftp://ftp.ncbi.nlm.nih.gov/geo/samples/GSM176nnn/GSM176121/suppl"		"Richard B Roth"	"Apr 09, 2007"
GSM176407	"Adrenal Gland Cortex 1 Normal"	"RNA"	"Homo sapiens"	1	GPL570	GSE7307	"CEL"	"ftp://ftp.ncbi.nlm.nih.gov/geo/samples/GSM176nnn/GSM176407/suppl"		"Richard B Roth"	"Apr 09, 2007"
GSM176408	"Adrenal Gland Cortex 2 Normal"	"RNA"	"Homo sapiens"	1	GPL570	GSE7307	"CEL"	"ftp://ftp.ncbi.nlm.nih.gov/geo/samples/GSM176nnn/GSM176408/suppl"		"Richard B Roth"	"Apr 09, 2007"
GSM176409	"Adrenal Gland Cortex 3 Normal"	"RNA"	"Homo sapiens"	1	GPL570	GSE7307	"CEL"	"ftp://ftp.ncbi.nlm.nih.gov/geo/samples/GSM176nnn/GSM176409/suppl"		"Richard B Roth"	"Apr 09, 2007"
GSM176410	"Adrenal Gland Cortex 4 Normal"	"RNA"	"Homo sapiens"	1	GPL570	GSE7307	"CEL"	"ftp://ftp.ncbi.nlm.nih.gov/geo/samples/GSM176nnn/GSM176410/suppl"		"Richard B Roth"	"Apr 09, 2007"
GSM175842	"Amygdala 1 Normal"	"RNA"	"Homo sapiens"	1	GPL570	GSE7307	"CEL"	"ftp://ftp.ncbi.nlm.nih.gov/geo/samples/GSM175nnn/GSM175842/suppl"		"Richard B Roth"	"Apr 09, 2007"
GSM176149	"Amygdala 10 Normal"	"RNA"	"Homo sapiens"	1	GPL570	GSE7307	"CEL"	"ftp://ftp.ncbi.nlm.nih.gov/geo/samples/GSM176nnn/GSM176149/suppl"		"Richard B Roth"	"Apr 09, 2007"
GSM175843	"Amygdala 2 Normal"	"RNA"	"Homo sapiens"	1	GPL570	GSE7307	"CEL"	"ftp://ftp.ncbi.nlm.nih.gov/geo/samples/GSM175nnn/GSM175843/suppl"		"Richard B Roth"	"Apr 09, 2007"
GSM175844	"Amygdala 3 Normal"	"RNA"	"Homo sapiens"	1	GPL570	GSE7307	"CEL"	"ftp://ftp.ncbi.nlm.nih.gov/geo/samples/GSM175nnn/GSM175844/suppl"		"Richard B Roth"	"Apr 09, 2007"
GSM175845	"Amygdala 4 Normal"	"RNA"	"Homo sapiens"	1	GPL570	GSE7307	"CEL"	"ftp://ftp.ncbi.nlm.nih.gov/geo/samples/GSM175nnn/GSM175845/suppl"		"Richard B Roth"	"Apr 09, 2007"
GSM176045	"Amygdala 5 Normal"	"RNA"	"Homo sapiens"	1	GPL570	GSE7307	"CEL"	"ftp://ftp.ncbi.nlm.nih.gov/geo/samples/GSM176nnn/GSM176045/suppl"		"Richard B Roth"	"Apr 09, 2007"
GSM176147	"Amygdala 8 Normal"	"RNA"	"Homo sapiens"	1	GPL570	GSE7307	"CEL"	"ftp://ftp.ncbi.nlm.nih.gov/geo/samples/GSM176nnn/GSM176147/suppl"		"Richard B Roth"	"Apr 09, 2007"
GSM176148	"Amygdala 9 Normal"	"RNA"	"Homo sapiens"	1	GPL570	GSE7307	"CEL"	"ftp://ftp.ncbi.nlm.nih.gov/geo/samples/GSM176nnn/GSM176148/suppl"		"Richard B Roth"	"Apr 09, 2007"
GSM176264	"Aorta 10 Normal"	"RNA"	"Homo sapiens"	1	GPL570	GSE7307	"CEL"	"ftp://ftp.ncbi.nlm.nih.gov/geo/samples/GSM176nnn/GSM176264/suppl"		"Richard B Roth"	"Apr 09, 2007"
GSM176016	"Aorta 2 Normal"	"RNA"	"Homo sapiens"	1	GPL570	GSE7307	"CEL"	"ftp://ftp.ncbi.nlm.nih.gov/geo/samples/GSM176nnn/GSM176016/suppl"		"Richard B Roth"	"Apr 09, 2007"
GSM176112	"Aorta 3 Normal"	"RNA"	"Homo sapiens"	1	GPL570	GSE7307	"CEL"	"ftp://ftp.ncbi.nlm.nih.gov/geo/samples/GSM176nnn/GSM176112/suppl"		"Richard B Roth"	"Apr 09, 2007"
GSM176263	"Aorta 4 Normal"	"RNA"	"Homo sapiens"	1	GPL570	GSE7307	"CEL"	"ftp://ftp.ncbi.nlm.nih.gov/geo/samples/GSM176nnn/GSM176263/suppl"		"Richard B Roth"	"Apr 09, 2007"
GSM175974	"Bone Marrow 1 Normal"	"RNA"	"Homo sapiens"	1	GPL570	GSE7307	"CEL"	"ftp://ftp.ncbi.nlm.nih.gov/geo/samples/GSM175nnn/GSM175974/suppl"		"Richard B Roth"	"Apr 09, 2007"
GSM176300	"Bone Marrow 10 Normal"	"RNA"	"Homo sapiens"	1	GPL570	GSE7307	"CEL"	"ftp://ftp.ncbi.nlm.nih.gov/geo/samples/GSM176nnn/GSM176300/suppl"		"Richard B Roth"	"Apr 09, 2007"
GSM175975	"Bone Marrow 2 Normal"	"RNA"	"Homo sapiens"	1	GPL570	GSE7307	"CEL"	"ftp://ftp.ncbi.nlm.nih.gov/geo/samples/GSM175nnn/GSM175975/suppl"		"Richard B Roth"	"Apr 09, 2007"
GSM175906	"Bone Marrow BD Normal"	"RNA"	"Homo sapiens"	1	GPL570	GSE7307	"CEL"	"ftp://ftp.ncbi.nlm.nih.gov/geo/samples/GSM175nnn/GSM175906/suppl"		"Richard B Roth"	"Apr 09, 2007"
GSM175951	"Bone Marrow SG Normal"	"RNA"	"Homo sapiens"	1	GPL570	GSE7307	"CEL"	"ftp://ftp.ncbi.nlm.nih.gov/geo/samples/GSM175nnn/GSM175951/suppl"		"Richard B Roth"	"Apr 09, 2007"
GSM175792	"Breast 6 Normal"	"RNA"	"Homo sapiens"	1	GPL570	GSE7307	"CEL"	"ftp://ftp.ncbi.nlm.nih.gov/geo/samples/GSM175nnn/GSM175792/suppl"		"Richard B Roth"	"Apr 09, 2007"
GSM175795	"Breast 7 Normal"	"RNA"	"Homo sapiens"	1	GPL570	GSE7307	"CEL"	"ftp://ftp.ncbi.nlm.nih.gov/geo/samples/GSM175nnn/GSM175795/suppl"		"Richard B Roth"	"Apr 09, 2007"
GSM175978	"Bronchus 2 Normal"	"RNA"	"Homo sapiens"	1	GPL570	GSE7307	"CEL"	"ftp://ftp.ncbi.nlm.nih.gov/geo/samples/GSM175nnn/GSM175978/suppl"		"Richard B Roth"	"Apr 09, 2007"
GSM175979	"Bronchus 3 Normal"	"RNA"	"Homo sapiens"	1	GPL570	GSE7307	"CEL"	"ftp://ftp.ncbi.nlm.nih.gov/geo/samples/GSM175nnn/GSM175979/suppl"		"Richard B Roth"	"Apr 09, 2007"
GSM176022	"Bronchus 4 Normal"	"RNA"	"Homo sapiens"	1	GPL570	GSE7307	"CEL"	"ftp://ftp.ncbi.nlm.nih.gov/geo/samples/GSM176nnn/GSM176022/suppl"		"Richard B Roth"	"Apr 09, 2007"
GSM176363	"Caudate P3 Normal"	"RNA"	"Homo sapiens"	1	GPL570	GSE7307	"CEL"	"ftp://ftp.ncbi.nlm.nih.gov/geo/samples/GSM176nnn/GSM176363/suppl"		"Richard B Roth"	"Apr 09, 2007"
GSM176365	"Caudate P4 Normal"	"RNA"	"Homo sapiens"	1	GPL570	GSE7307	"CEL"	"ftp://ftp.ncbi.nlm.nih.gov/geo/samples/GSM176nnn/GSM176365/suppl"		"Richard B Roth"	"Apr 09, 2007"
GSM176369	"Caudate P5 Normal"	"RNA"	"Homo sapiens"	1	GPL570	GSE7307	"CEL"	"ftp://ftp.ncbi.nlm.nih.gov/geo/samples/GSM176nnn/GSM176369/suppl"		"Richard B Roth"	"Apr 09, 2007"
GSM176372	"Caudate P6 Normal"	"RNA"	"Homo sapiens"	1	GPL570	GSE7307	"CEL"	"ftp://ftp.ncbi.nlm.nih.gov/geo/samples/GSM176nnn/GSM176372/suppl"		"Richard B Roth"	"Apr 09, 2007"
GSM176030	"Cerebellar Hemisphere AB Normal"	"RNA"	"Homo sapiens"	1	GPL570	GSE7307	"CEL"	"ftp://ftp.ncbi.nlm.nih.gov/geo/samples/GSM176nnn/GSM176030/suppl"		"Richard B Roth"	"Apr 09, 2007"
GSM176031	"Cerebellar Vermis AB Normal"	"RNA"	"Homo sapiens"	1	GPL570	GSE7307	"CEL"	"ftp://ftp.ncbi.nlm.nih.gov/geo/samples/GSM176nnn/GSM176031/suppl"		"Richard B Roth"	"Apr 09, 2007"
GSM175852	"Cerebellum 1 Normal"	"RNA"	"Homo sapiens"	1	GPL570	GSE7307	"CEL"	"ftp://ftp.ncbi.nlm.nih.gov/geo/samples/GSM175nnn/GSM175852/suppl"		"Richard B Roth"	"Apr 09, 2007"
GSM176160	"Cerebellum 10 Normal"	"RNA"	"Homo sapiens"	1	GPL570	GSE7307	"CEL"	"ftp://ftp.ncbi.nlm.nih.gov/geo/samples/GSM176nnn/GSM176160/suppl"		"Richard B Roth"	"Apr 09, 2007"
GSM175853	"Cerebellum 2 Normal"	"RNA"	"Homo sapiens"	1	GPL570	GSE7307	"CEL"	"ftp://ftp.ncbi.nlm.nih.gov/geo/samples/GSM175nnn/GSM175853/suppl"		"Richard B Roth"	"Apr 09, 2007"
GSM175854	"Cerebellum 4 Normal"	"RNA"	"Homo sapiens"	1	GPL570	GSE7307	"CEL"	"ftp://ftp.ncbi.nlm.nih.gov/geo/samples/GSM175nnn/GSM175854/suppl"		"Richard B Roth"	"Apr 09, 2007"
GSM176048	"Cerebellum 5 Normal"	"RNA"	"Homo sapiens"	1	GPL570	GSE7307	"CEL"	"ftp://ftp.ncbi.nlm.nih.gov/geo/samples/GSM176nnn/GSM176048/suppl"		"Richard B Roth"	"Apr 09, 2007"
GSM176157	"Cerebellum 7 Normal"	"RNA"	"Homo sapiens"	1	GPL570	GSE7307	"CEL"	"ftp://ftp.ncbi.nlm.nih.gov/geo/samples/GSM176nnn/GSM176157/suppl"		"Richard B Roth"	"Apr 09, 2007"
GSM176158	"Cerebellum 8 Normal"	"RNA"	"Homo sapiens"	1	GPL570	GSE7307	"CEL"	"ftp://ftp.ncbi.nlm.nih.gov/geo/samples/GSM176nnn/GSM176158/suppl"		"Richard B Roth"	"Apr 09, 2007"
GSM176159	"Cerebellum 9 Normal"	"RNA"	"Homo sapiens"	1	GPL570	GSE7307	"CEL"	"ftp://ftp.ncbi.nlm.nih.gov/geo/samples/GSM176nnn/GSM176159/suppl"		"Richard B Roth"	"Apr 09, 2007"
GSM175907	"Cerebellum BD Normal"	"RNA"	"Homo sapiens"	1	GPL570	GSE7307	"CEL"	"ftp://ftp.ncbi.nlm.nih.gov/geo/samples/GSM175nnn/GSM175907/suppl"		"Richard B Roth"	"Apr 09, 2007"
GSM176344	"Cerebral Cortex 1 Normal"	"RNA"	"Homo sapiens"	1	GPL570	GSE7307	"CEL"	"ftp://ftp.ncbi.nlm.nih.gov/geo/samples/GSM176nnn/GSM176344/suppl"		"Richard B Roth"	"Apr 09, 2007"
GSM176164	"Cerebral Cortex 10 Normal"	"RNA"	"Homo sapiens"	1	GPL570	GSE7307	"CEL"	"ftp://ftp.ncbi.nlm.nih.gov/geo/samples/GSM176nnn/GSM176164/suppl"		"Richard B Roth"	"Apr 09, 2007"
GSM176345	"Cerebral Cortex 2 Normal"	"RNA"	"Homo sapiens"	1	GPL570	GSE7307	"CEL"	"ftp://ftp.ncbi.nlm.nih.gov/geo/samples/GSM176nnn/GSM176345/suppl"		"Richard B Roth"	"Apr 09, 2007"
GSM176346	"Cerebral Cortex 3 Normal"	"RNA"	"Homo sapiens"	1	GPL570	GSE7307	"CEL"	"ftp://ftp.ncbi.nlm.nih.gov/geo/samples/GSM176nnn/GSM176346/suppl"		"Richard B Roth"	"Apr 09, 2007"
GSM176347	"Cerebral Cortex 4 Normal"	"RNA"	"Homo sapiens"	1	GPL570	GSE7307	"CEL"	"ftp://ftp.ncbi.nlm.nih.gov/geo/samples/GSM176nnn/GSM176347/suppl"		"Richard B Roth"	"Apr 09, 2007"
GSM176049	"Cerebral Cortex 5 Normal"	"RNA"	"Homo sapiens"	1	GPL570	GSE7307	"CEL"	"ftp://ftp.ncbi.nlm.nih.gov/geo/samples/GSM176nnn/GSM176049/suppl"		"Richard B Roth"	"Apr 09, 2007"
GSM176161	"Cerebral Cortex 7 Normal"	"RNA"	"Homo sapiens"	1	GPL570	GSE7307	"CEL"	"ftp://ftp.ncbi.nlm.nih.gov/geo/samples/GSM176nnn/GSM176161/suppl"		"Richard B Roth"	"Apr 09, 2007"
GSM176162	"Cerebral Cortex 8 Normal"	"RNA"	"Homo sapiens"	1	GPL570	GSE7307	"CEL"	"ftp://ftp.ncbi.nlm.nih.gov/geo/samples/GSM176nnn/GSM176162/suppl"		"Richard B Roth"	"Apr 09, 2007"
GSM176163	"Cerebral Cortex 9 Normal"	"RNA"	"Homo sapiens"	1	GPL570	GSE7307	"CEL"	"ftp://ftp.ncbi.nlm.nih.gov/geo/samples/GSM176nnn/GSM176163/suppl"		"Richard B Roth"	"Apr 09, 2007"
GSM176140	"Cervix 10 Normal"	"RNA"	"Homo sapiens"	1	GPL570	GSE7307	"CEL"	"ftp://ftp.ncbi.nlm.nih.gov/geo/samples/GSM176nnn/GSM176140/suppl"		"Richard B Roth"	"Apr 09, 2007"
GSM175833	"Cervix 3 Normal"	"RNA"	"Homo sapiens"	1	GPL570	GSE7307	"CEL"	"ftp://ftp.ncbi.nlm.nih.gov/geo/samples/GSM175nnn/GSM175833/suppl"		"Richard B Roth"	"Apr 09, 2007"
GSM176130	"Cervix 8 Normal"	"RNA"	"Homo sapiens"	1	GPL570	GSE7307	"CEL"	"ftp://ftp.ncbi.nlm.nih.gov/geo/samples/GSM176nnn/GSM176130/suppl"		"Richard B Roth"	"Apr 09, 2007"
GSM176135	"Cervix 9 Normal"	"RNA"	"Homo sapiens"	1	GPL570	GSE7307	"CEL"	"ftp://ftp.ncbi.nlm.nih.gov/geo/samples/GSM176nnn/GSM176135/suppl"		"Richard B Roth"	"Apr 09, 2007"
GSM175905	"Colon BD Normal"	"RNA"	"Homo sapiens"	1	GPL570	GSE7307	"CEL"	"ftp://ftp.ncbi.nlm.nih.gov/geo/samples/GSM175nnn/GSM175905/suppl"		"Richard B Roth"	"Apr 09, 2007"
GSM175983	"Colon Cecum 1 Normal"	"RNA"	"Homo sapiens"	1	GPL570	GSE7307	"CEL"	"ftp://ftp.ncbi.nlm.nih.gov/geo/samples/GSM175nnn/GSM175983/suppl"		"Richard B Roth"	"Apr 09, 2007"
GSM176123	"Colon Cecum 10 Normal"	"RNA"	"Homo sapiens"	1	GPL570	GSE7307	"CEL"	"ftp://ftp.ncbi.nlm.nih.gov/geo/samples/GSM176nnn/GSM176123/suppl"		"Richard B Roth"	"Apr 09, 2007"
GSM175984	"Colon Cecum 3 Normal"	"RNA"	"Homo sapiens"	1	GPL570	GSE7307	"CEL"	"ftp://ftp.ncbi.nlm.nih.gov/geo/samples/GSM175nnn/GSM175984/suppl"		"Richard B Roth"	"Apr 09, 2007"
GSM175820	"Coronary Artery 1 Normal"	"RNA"	"Homo sapiens"	1	GPL570	GSE7307	"CEL"	"ftp://ftp.ncbi.nlm.nih.gov/geo/samples/GSM175nnn/GSM175820/suppl"		"Richard B Roth"	"Apr 09, 2007"
GSM175821	"Coronary Artery 4 Normal"	"RNA"	"Homo sapiens"	1	GPL570	GSE7307	"CEL"	"ftp://ftp.ncbi.nlm.nih.gov/geo/samples/GSM175nnn/GSM175821/suppl"		"Richard B Roth"	"Apr 09, 2007"
GSM176115	"Coronary Artery 5 Normal"	"RNA"	"Homo sapiens"	1	GPL570	GSE7307	"CEL"	"ftp://ftp.ncbi.nlm.nih.gov/geo/samples/GSM176nnn/GSM176115/suppl"		"Richard B Roth"	"Apr 09, 2007"
GSM175855	"Corpus Callosum 1 Normal"	"RNA"	"Homo sapiens"	1	GPL570	GSE7307	"CEL"	"ftp://ftp.ncbi.nlm.nih.gov/geo/samples/GSM175nnn/GSM175855/suppl"		"Richard B Roth"	"Apr 09, 2007"
GSM176168	"Corpus Callosum 10 Normal"	"RNA"	"Homo sapiens"	1	GPL570	GSE7307	"CEL"	"ftp://ftp.ncbi.nlm.nih.gov/geo/samples/GSM176nnn/GSM176168/suppl"		"Richard B Roth"	"Apr 09, 2007"
GSM175856	"Corpus Callosum 2 Normal"	"RNA"	"Homo sapiens"	1	GPL570	GSE7307	"CEL"	"ftp://ftp.ncbi.nlm.nih.gov/geo/samples/GSM175nnn/GSM175856/suppl"		"Richard B Roth"	"Apr 09, 2007"
GSM175857	"Corpus Callosum 3 Normal"	"RNA"	"Homo sapiens"	1	GPL570	GSE7307	"CEL"	"ftp://ftp.ncbi.nlm.nih.gov/geo/samples/GSM175nnn/GSM175857/suppl"		"Richard B Roth"	"Apr 09, 2007"
GSM175858	"Corpus Callosum 4 Normal"	"RNA"	"Homo sapiens"	1	GPL570	GSE7307	"CEL"	"ftp://ftp.ncbi.nlm.nih.gov/geo/samples/GSM175nnn/GSM175858/suppl"		"Richard B Roth"	"Apr 09, 2007"
GSM176050	"Corpus Callosum 5 Normal"	"RNA"	"Homo sapiens"	1	GPL570	GSE7307	"CEL"	"ftp://ftp.ncbi.nlm.nih.gov/geo/samples/GSM176nnn/GSM176050/suppl"		"Richard B Roth"	"Apr 09, 2007"
GSM176165	"Corpus Callosum 7 Normal"	"RNA"	"Homo sapiens"	1	GPL570	GSE7307	"CEL"	"ftp://ftp.ncbi.nlm.nih.gov/geo/samples/GSM176nnn/GSM176165/suppl"		"Richard B Roth"	"Apr 09, 2007"
GSM176166	"Corpus Callosum 8 Normal"	"RNA"	"Homo sapiens"	1	GPL570	GSE7307	"CEL"	"ftp://ftp.ncbi.nlm.nih.gov/geo/samples/GSM176nnn/GSM176166/suppl"		"Richard B Roth"	"Apr 09, 2007"
GSM176167	"Corpus Callosum 9 Normal"	"RNA"	"Homo sapiens"	1	GPL570	GSE7307	"CEL"	"ftp://ftp.ncbi.nlm.nih.gov/geo/samples/GSM176nnn/GSM176167/suppl"		"Richard B Roth"	"Apr 09, 2007"
GSM176301	"Deltoid Muscle 1 Normal"	"RNA"	"Homo sapiens"	1	GPL570	GSE7307	"CEL"	"ftp://ftp.ncbi.nlm.nih.gov/geo/samples/GSM176nnn/GSM176301/suppl"		"Richard B Roth"	"Apr 09, 2007"
GSM176310	"Deltoid Muscle 2 Normal"	"RNA"	"Homo sapiens"	1	GPL570	GSE7307	"CEL"	"ftp://ftp.ncbi.nlm.nih.gov/geo/samples/GSM176nnn/GSM176310/suppl"		"Richard B Roth"	"Apr 09, 2007"
GSM176312	"Deltoid Muscle 3 Normal"	"RNA"	"Homo sapiens"	1	GPL570	GSE7307	"CEL"	"ftp://ftp.ncbi.nlm.nih.gov/geo/samples/GSM176nnn/GSM176312/suppl"		"Richard B Roth"	"Apr 09, 2007"
GSM176313	"Deltoid Muscle 4 Normal"	"RNA"	"Homo sapiens"	1	GPL570	GSE7307	"CEL"	"ftp://ftp.ncbi.nlm.nih.gov/geo/samples/GSM176nnn/GSM176313/suppl"		"Richard B Roth"	"Apr 09, 2007"
GSM176315	"Deltoid Muscle 5 Normal"	"RNA"	"Homo sapiens"	1	GPL570	GSE7307	"CEL"	"ftp://ftp.ncbi.nlm.nih.gov/geo/samples/GSM176nnn/GSM176315/suppl"		"Richard B Roth"	"Apr 09, 2007"
GSM176317	"Deltoid Muscle 6 Normal"	"RNA"	"Homo sapiens"	1	GPL570	GSE7307	"CEL"	"ftp://ftp.ncbi.nlm.nih.gov/geo/samples/GSM176nnn/GSM176317/suppl"		"Richard B Roth"	"Apr 09, 2007"
GSM175825	"Dorsal Root Ganglia 1 Normal"	"RNA"	"Homo sapiens"	1	GPL570	GSE7307	"CEL"	"ftp://ftp.ncbi.nlm.nih.gov/geo/samples/GSM175nnn/GSM175825/suppl"		"Richard B Roth"	"Apr 09, 2007"
GSM176075	"Dorsal Root Ganglia 10 Normal"	"RNA"	"Homo sapiens"	1	GPL570	GSE7307	"CEL"	"ftp://ftp.ncbi.nlm.nih.gov/geo/samples/GSM176nnn/GSM176075/suppl"		"Richard B Roth"	"Apr 09, 2007"
GSM175826	"Dorsal Root Ganglia 2 Normal"	"RNA"	"Homo sapiens"	1	GPL570	GSE7307	"CEL"	"ftp://ftp.ncbi.nlm.nih.gov/geo/samples/GSM175nnn/GSM175826/suppl"		"Richard B Roth"	"Apr 09, 2007"
GSM175827	"Dorsal Root Ganglia 3 Normal"	"RNA"	"Homo sapiens"	1	GPL570	GSE7307	"CEL"	"ftp://ftp.ncbi.nlm.nih.gov/geo/samples/GSM175nnn/GSM175827/suppl"		"Richard B Roth"	"Apr 09, 2007"
GSM175828	"Dorsal Root Ganglia 4 Normal"	"RNA"	"Homo sapiens"	1	GPL570	GSE7307	"CEL"	"ftp://ftp.ncbi.nlm.nih.gov/geo/samples/GSM175nnn/GSM175828/suppl"		"Richard B Roth"	"Apr 09, 2007"
GSM176062	"Dorsal Root Ganglia 5 Normal"	"RNA"	"Homo sapiens"	1	GPL570	GSE7307	"CEL"	"ftp://ftp.ncbi.nlm.nih.gov/geo/samples/GSM176nnn/GSM176062/suppl"		"Richard B Roth"	"Apr 09, 2007"
GSM176218	"Dorsal Root Ganglia 8 Normal"	"RNA"	"Homo sapiens"	1	GPL570	GSE7307	"CEL"	"ftp://ftp.ncbi.nlm.nih.gov/geo/samples/GSM176nnn/GSM176218/suppl"		"Richard B Roth"	"Apr 09, 2007"
GSM176219	"Dorsal Root Ganglia 9 Normal"	"RNA"	"Homo sapiens"	1	GPL570	GSE7307	"CEL"	"ftp://ftp.ncbi.nlm.nih.gov/geo/samples/GSM176nnn/GSM176219/suppl"		"Richard B Roth"	"Apr 09, 2007"
GSM176039	"Endometrium 1 Normal"	"RNA"	"Homo sapiens"	1	GPL570	GSE7307	"CEL"	"ftp://ftp.ncbi.nlm.nih.gov/geo/samples/GSM176nnn/GSM176039/suppl"		"Richard B Roth"	"Apr 09, 2007"
GSM176137	"Endometrium 10 Normal"	"RNA"	"Homo sapiens"	1	GPL570	GSE7307	"CEL"	"ftp://ftp.ncbi.nlm.nih.gov/geo/samples/GSM176nnn/GSM176137/suppl"		"Richard B Roth"	"Apr 09, 2007"
GSM176100	"Endometrium 11 Normal"	"RNA"	"Homo sapiens"	1	GPL570	GSE7307	"CEL"	"ftp://ftp.ncbi.nlm.nih.gov/geo/samples/GSM176nnn/GSM176100/suppl"		"Richard B Roth"	"Apr 09, 2007"
GSM176101	"Endometrium 12 Normal"	"RNA"	"Homo sapiens"	1	GPL570	GSE7307	"CEL"	"ftp://ftp.ncbi.nlm.nih.gov/geo/samples/GSM176nnn/GSM176101/suppl"		"Richard B Roth"	"Apr 09, 2007"
GSM176141	"Endometrium 13 Normal"	"RNA"	"Homo sapiens"	1	GPL570	GSE7307	"CEL"	"ftp://ftp.ncbi.nlm.nih.gov/geo/samples/GSM176nnn/GSM176141/suppl"		"Richard B Roth"	"Apr 09, 2007"
GSM176142	"Endometrium 14 Normal"	"RNA"	"Homo sapiens"	1	GPL570	GSE7307	"CEL"	"ftp://ftp.ncbi.nlm.nih.gov/geo/samples/GSM176nnn/GSM176142/suppl"		"Richard B Roth"	"Apr 09, 2007"
GSM176143	"Endometrium 15 Normal"	"RNA"	"Homo sapiens"	1	GPL570	GSE7307	"CEL"	"ftp://ftp.ncbi.nlm.nih.gov/geo/samples/GSM176nnn/GSM176143/suppl"		"Richard B Roth"	"Apr 09, 2007"
GSM176144	"Endometrium 16 Normal"	"RNA"	"Homo sapiens"	1	GPL570	GSE7307	"CEL"	"ftp://ftp.ncbi.nlm.nih.gov/geo/samples/GSM176nnn/GSM176144/suppl"		"Richard B Roth"	"Apr 09, 2007"
GSM176145	"Endometrium 17 Normal"	"RNA"	"Homo sapiens"	1	GPL570	GSE7307	"CEL"	"ftp://ftp.ncbi.nlm.nih.gov/geo/samples/GSM176nnn/GSM176145/suppl"		"Richard B Roth"	"Apr 09, 2007"
GSM176146	"Endometrium 18 Normal"	"RNA"	"Homo sapiens"	1	GPL570	GSE7307	"CEL"	"ftp://ftp.ncbi.nlm.nih.gov/geo/samples/GSM176nnn/GSM176146/suppl"		"Richard B Roth"	"Apr 09, 2007"
GSM176040	"Endometrium 19 Normal"	"RNA"	"Homo sapiens"	1	GPL570	GSE7307	"CEL"	"ftp://ftp.ncbi.nlm.nih.gov/geo/samples/GSM176nnn/GSM176040/suppl"		"Richard B Roth"	"Apr 09, 2007"
GSM176041	"Endometrium 2 Normal"	"RNA"	"Homo sapiens"	1	GPL570	GSE7307	"CEL"	"ftp://ftp.ncbi.nlm.nih.gov/geo/samples/GSM176nnn/GSM176041/suppl"		"Richard B Roth"	"Apr 09, 2007"
GSM176099	"Endometrium 20 Normal"	"RNA"	"Homo sapiens"	1	GPL570	GSE7307	"CEL"	"ftp://ftp.ncbi.nlm.nih.gov/geo/samples/GSM176nnn/GSM176099/suppl"		"Richard B Roth"	"Apr 09, 2007"
GSM176043	"Endometrium 21 Normal"	"RNA"	"Homo sapiens"	1	GPL570	GSE7307	"CEL"	"ftp://ftp.ncbi.nlm.nih.gov/geo/samples/GSM176nnn/GSM176043/suppl"		"Richard B Roth"	"Apr 09, 2007"
GSM176097	"Endometrium 22 Normal"	"RNA"	"Homo sapiens"	1	GPL570	GSE7307	"CEL"	"ftp://ftp.ncbi.nlm.nih.gov/geo/samples/GSM176nnn/GSM176097/suppl"		"Richard B Roth"	"Apr 09, 2007"
GSM176098	"Endometrium 23 Normal"	"RNA"	"Homo sapiens"	1	GPL570	GSE7307	"CEL"	"ftp://ftp.ncbi.nlm.nih.gov/geo/samples/GSM176nnn/GSM176098/suppl"		"Richard B Roth"	"Apr 09, 2007"
GSM176319	"Endometrium 3 Normal"	"RNA"	"Homo sapiens"	1	GPL570	GSE7307	"CEL"	"ftp://ftp.ncbi.nlm.nih.gov/geo/samples/GSM176nnn/GSM176319/suppl"		"Richard B Roth"	"Apr 09, 2007"
GSM176093	"Endometrium 4 Normal"	"RNA"	"Homo sapiens"	1	GPL570	GSE7307	"CEL"	"ftp://ftp.ncbi.nlm.nih.gov/geo/samples/GSM176nnn/GSM176093/suppl"		"Richard B Roth"	"Apr 09, 2007"
GSM176094	"Endometrium 5 Normal"	"RNA"	"Homo sapiens"	1	GPL570	GSE7307	"CEL"	"ftp://ftp.ncbi.nlm.nih.gov/geo/samples/GSM176nnn/GSM176094/suppl"		"Richard B Roth"	"Apr 09, 2007"
GSM176095	"Endometrium 6 Normal"	"RNA"	"Homo sapiens"	1	GPL570	GSE7307	"CEL"	"ftp://ftp.ncbi.nlm.nih.gov/geo/samples/GSM176nnn/GSM176095/suppl"		"Richard B Roth"	"Apr 09, 2007"
GSM176096	"Endometrium 7 Normal"	"RNA"	"Homo sapiens"	1	GPL570	GSE7307	"CEL"	"ftp://ftp.ncbi.nlm.nih.gov/geo/samples/GSM176nnn/GSM176096/suppl"		"Richard B Roth"	"Apr 09, 2007"
GSM176127	"Endometrium 8 Normal"	"RNA"	"Homo sapiens"	1	GPL570	GSE7307	"CEL"	"ftp://ftp.ncbi.nlm.nih.gov/geo/samples/GSM176nnn/GSM176127/suppl"		"Richard B Roth"	"Apr 09, 2007"
GSM176132	"Endometrium 9 Normal"	"RNA"	"Homo sapiens"	1	GPL570	GSE7307	"CEL"	"ftp://ftp.ncbi.nlm.nih.gov/geo/samples/GSM176nnn/GSM176132/suppl"		"Richard B Roth"	"Apr 09, 2007"
GSM176389	"Esophagus 1 Normal"	"RNA"	"Homo sapiens"	1	GPL570	GSE7307	"CEL"	"ftp://ftp.ncbi.nlm.nih.gov/geo/samples/GSM176nnn/GSM176389/suppl"		"Richard B Roth"	"Apr 09, 2007"
GSM176390	"Esophagus 2 Normal"	"RNA"	"Homo sapiens"	1	GPL570	GSE7307	"CEL"	"ftp://ftp.ncbi.nlm.nih.gov/geo/samples/GSM176nnn/GSM176390/suppl"		"Richard B Roth"	"Apr 09, 2007"
GSM176391	"Esophagus 3 Normal"	"RNA"	"Homo sapiens"	1	GPL570	GSE7307	"CEL"	"ftp://ftp.ncbi.nlm.nih.gov/geo/samples/GSM176nnn/GSM176391/suppl"		"Richard B Roth"	"Apr 09, 2007"
GSM176392	"Esophagus 4 Normal"	"RNA"	"Homo sapiens"	1	GPL570	GSE7307	"CEL"	"ftp://ftp.ncbi.nlm.nih.gov/geo/samples/GSM176nnn/GSM176392/suppl"		"Richard B Roth"	"Apr 09, 2007"
GSM176239	"Fallopian Tube 1 Normal"	"RNA"	"Homo sapiens"	1	GPL570	GSE7307	"CEL"	"ftp://ftp.ncbi.nlm.nih.gov/geo/samples/GSM176nnn/GSM176239/suppl"		"Richard B Roth"	"Apr 09, 2007"
GSM176032	"Fallopian Tube AB1 Normal"	"RNA"	"Homo sapiens"	1	GPL570	GSE7307	"CEL"	"ftp://ftp.ncbi.nlm.nih.gov/geo/samples/GSM176nnn/GSM176032/suppl"		"Richard B Roth"	"Apr 09, 2007"
GSM176294	"Fallopian Tube AB2 Normal"	"RNA"	"Homo sapiens"	1	GPL570	GSE7307	"CEL"	"ftp://ftp.ncbi.nlm.nih.gov/geo/samples/GSM176nnn/GSM176294/suppl"		"Richard B Roth"	"Apr 09, 2007"
GSM175909	"Fetal Brain BD Normal"	"RNA"	"Homo sapiens"	1	GPL570	GSE7307	"CEL"	"ftp://ftp.ncbi.nlm.nih.gov/geo/samples/GSM175nnn/GSM175909/suppl"		"Richard B Roth"	"Apr 09, 2007"
GSM175910	"Fetal Liver BD Normal"	"RNA"	"Homo sapiens"	1	GPL570	GSE7307	"CEL"	"ftp://ftp.ncbi.nlm.nih.gov/geo/samples/GSM175nnn/GSM175910/suppl"		"Richard B Roth"	"Apr 09, 2007"
GSM176293	"Frontal Cortex 1 Normal"	"RNA"	"Homo sapiens"	1	GPL570	GSE7307	"CEL"	"ftp://ftp.ncbi.nlm.nih.gov/geo/samples/GSM176nnn/GSM176293/suppl"		"Richard B Roth"	"Apr 09, 2007"
GSM176033	"Frontal Cortex AB Normal"	"RNA"	"Homo sapiens"	1	GPL570	GSE7307	"CEL"	"ftp://ftp.ncbi.nlm.nih.gov/geo/samples/GSM176nnn/GSM176033/suppl"		"Richard B Roth"	"Apr 09, 2007"
GSM175859	"Frontal Lobe 1 Normal"	"RNA"	"Homo sapiens"	1	GPL570	GSE7307	"CEL"	"ftp://ftp.ncbi.nlm.nih.gov/geo/samples/GSM175nnn/GSM175859/suppl"		"Richard B Roth"	"Apr 09, 2007"
GSM176173	"Frontal Lobe 10 Normal"	"RNA"	"Homo sapiens"	1	GPL570	GSE7307	"CEL"	"ftp://ftp.ncbi.nlm.nih.gov/geo/samples/GSM176nnn/GSM176173/suppl"		"Richard B Roth"	"Apr 09, 2007"
GSM176017	"Frontal Lobe 2 Normal"	"RNA"	"Homo sapiens"	1	GPL570	GSE7307	"CEL"	"ftp://ftp.ncbi.nlm.nih.gov/geo/samples/GSM176nnn/GSM176017/suppl"		"Richard B Roth"	"Apr 09, 2007"
GSM175860	"Frontal Lobe 3 Normal"	"RNA"	"Homo sapiens"	1	GPL570	GSE7307	"CEL"	"ftp://ftp.ncbi.nlm.nih.gov/geo/samples/GSM175nnn/GSM175860/suppl"		"Richard B Roth"	"Apr 09, 2007"
GSM176051	"Frontal Lobe 5 Normal"	"RNA"	"Homo sapiens"	1	GPL570	GSE7307	"CEL"	"ftp://ftp.ncbi.nlm.nih.gov/geo/samples/GSM176nnn/GSM176051/suppl"		"Richard B Roth"	"Apr 09, 2007"
GSM176120	"Frontal Lobe 6 Normal"	"RNA"	"Homo sapiens"	1	GPL570	GSE7307	"CEL"	"ftp://ftp.ncbi.nlm.nih.gov/geo/samples/GSM176nnn/GSM176120/suppl"		"Richard B Roth"	"Apr 09, 2007"
GSM176170	"Frontal Lobe 7 Normal"	"RNA"	"Homo sapiens"	1	GPL570	GSE7307	"CEL"	"ftp://ftp.ncbi.nlm.nih.gov/geo/samples/GSM176nnn/GSM176170/suppl"		"Richard B Roth"	"Apr 09, 2007"
GSM176171	"Frontal Lobe 8 Normal"	"RNA"	"Homo sapiens"	1	GPL570	GSE7307	"CEL"	"ftp://ftp.ncbi.nlm.nih.gov/geo/samples/GSM176nnn/GSM176171/suppl"		"Richard B Roth"	"Apr 09, 2007"
GSM176172	"Frontal Lobe 9 Normal"	"RNA"	"Homo sapiens"	1	GPL570	GSE7307	"CEL"	"ftp://ftp.ncbi.nlm.nih.gov/geo/samples/GSM176nnn/GSM176172/suppl"		"Richard B Roth"	"Apr 09, 2007"
GSM176034	"Globus Pallidus AB Normal"	"RNA"	"Homo sapiens"	1	GPL570	GSE7307	"CEL"	"ftp://ftp.ncbi.nlm.nih.gov/geo/samples/GSM176nnn/GSM176034/suppl"		"Richard B Roth"	"Apr 09, 2007"
GSM176447	"Gloubus Pallidum External 5 Normal"	"RNA"	"Homo sapiens"	1	GPL570	GSE7307	"CEL"	"ftp://ftp.ncbi.nlm.nih.gov/geo/samples/GSM176nnn/GSM176447/suppl"		"Richard B Roth"	"Apr 09, 2007"
GSM176448	"Gloubus Pallidum External 6 Normal"	"RNA"	"Homo sapiens"	1	GPL570	GSE7307	"CEL"	"ftp://ftp.ncbi.nlm.nih.gov/geo/samples/GSM176nnn/GSM176448/suppl"		"Richard B Roth"	"Apr 09, 2007"
GSM176436	"Gloubus Pallidum Internal 5 Normal"	"RNA"	"Homo sapiens"	1	GPL570	GSE7307	"CEL"	"ftp://ftp.ncbi.nlm.nih.gov/geo/samples/GSM176nnn/GSM176436/suppl"		"Richard B Roth"	"Apr 09, 2007"
GSM176445	"Gloubus Pallidum Internal 6 Normal"	"RNA"	"Homo sapiens"	1	GPL570	GSE7307	"CEL"	"ftp://ftp.ncbi.nlm.nih.gov/geo/samples/GSM176nnn/GSM176445/suppl"		"Richard B Roth"	"Apr 09, 2007"
GSM176446	"Gloubus Pallidum Internal 7 Normal"	"RNA"	"Homo sapiens"	1	GPL570	GSE7307	"CEL"	"ftp://ftp.ncbi.nlm.nih.gov/geo/samples/GSM176nnn/GSM176446/suppl"		"Richard B Roth"	"Apr 09, 2007"
GSM176298	"HUVEC Cell Line 1 Normal"	"RNA"	"Homo sapiens"	1	GPL570	GSE7307	"CEL"	"ftp://ftp.ncbi.nlm.nih.gov/geo/samples/GSM176nnn/GSM176298/suppl"		"Richard B Roth"	"Apr 09, 2007"
GSM176299	"HUVEC Cell Line 2 Normal"	"RNA"	"Homo sapiens"	1	GPL570	GSE7307	"CEL"	"ftp://ftp.ncbi.nlm.nih.gov/geo/samples/GSM176nnn/GSM176299/suppl"		"Richard B Roth"	"Apr 09, 2007"
GSM176435	"Heart Atrium 1 Normal"	"RNA"	"Homo sapiens"	1	GPL570	GSE7307	"CEL"	"ftp://ftp.ncbi.nlm.nih.gov/geo/samples/GSM176nnn/GSM176435/suppl"		"Richard B Roth"	"Apr 09, 2007"
GSM175814	"Heart Atrium 2 Normal"	"RNA"	"Homo sapiens"	1	GPL570	GSE7307	"CEL"	"ftp://ftp.ncbi.nlm.nih.gov/geo/samples/GSM175nnn/GSM175814/suppl"		"Richard B Roth"	"Apr 09, 2007"
GSM175815	"Heart Atrium 3 Normal"	"RNA"	"Homo sapiens"	1	GPL570	GSE7307	"CEL"	"ftp://ftp.ncbi.nlm.nih.gov/geo/samples/GSM175nnn/GSM175815/suppl"		"Richard B Roth"	"Apr 09, 2007"
GSM175816	"Heart Atrium 4 Normal"	"RNA"	"Homo sapiens"	1	GPL570	GSE7307	"CEL"	"ftp://ftp.ncbi.nlm.nih.gov/geo/samples/GSM175nnn/GSM175816/suppl"		"Richard B Roth"	"Apr 09, 2007"
GSM175935	"Heart BD Normal"	"RNA"	"Homo sapiens"	1	GPL570	GSE7307	"CEL"	"ftp://ftp.ncbi.nlm.nih.gov/geo/samples/GSM175nnn/GSM175935/suppl"		"Richard B Roth"	"Apr 09, 2007"
GSM175817	"Heart Ventricle 1 Normal"	"RNA"	"Homo sapiens"	1	GPL570	GSE7307	"CEL"	"ftp://ftp.ncbi.nlm.nih.gov/geo/samples/GSM175nnn/GSM175817/suppl"		"Richard B Roth"	"Apr 09, 2007"
GSM175818	"Heart Ventricle 2 Normal"	"RNA"	"Homo sapiens"	1	GPL570	GSE7307	"CEL"	"ftp://ftp.ncbi.nlm.nih.gov/geo/samples/GSM175nnn/GSM175818/suppl"		"Richard B Roth"	"Apr 09, 2007"
GSM175819	"Heart Ventricle 3 Normal"	"RNA"	"Homo sapiens"	1	GPL570	GSE7307	"CEL"	"ftp://ftp.ncbi.nlm.nih.gov/geo/samples/GSM175nnn/GSM175819/suppl"		"Richard B Roth"	"Apr 09, 2007"
GSM175987	"Hippocampus 1 Normal"	"RNA"	"Homo sapiens"	1	GPL570	GSE7307	"CEL"	"ftp://ftp.ncbi.nlm.nih.gov/geo/samples/GSM175nnn/GSM175987/suppl"		"Richard B Roth"	"Apr 09, 2007"
GSM176177	"Hippocampus 10 Normal"	"RNA"	"Homo sapiens"	1	GPL570	GSE7307	"CEL"	"ftp://ftp.ncbi.nlm.nih.gov/geo/samples/GSM176nnn/GSM176177/suppl"		"Richard B Roth"	"Apr 09, 2007"
GSM175988	"Hippocampus 2 Normal"	"RNA"	"Homo sapiens"	1	GPL570	GSE7307	"CEL"	"ftp://ftp.ncbi.nlm.nih.gov/geo/samples/GSM175nnn/GSM175988/suppl"		"Richard B Roth"	"Apr 09, 2007"
GSM175861	"Hippocampus 3 Normal"	"RNA"	"Homo sapiens"	1	GPL570	GSE7307	"CEL"	"ftp://ftp.ncbi.nlm.nih.gov/geo/samples/GSM175nnn/GSM175861/suppl"		"Richard B Roth"	"Apr 09, 2007"
GSM176052	"Hippocampus 5 Normal"	"RNA"	"Homo sapiens"	1	GPL570	GSE7307	"CEL"	"ftp://ftp.ncbi.nlm.nih.gov/geo/samples/GSM176nnn/GSM176052/suppl"		"Richard B Roth"	"Apr 09, 2007"
GSM176174	"Hippocampus 7 Normal"	"RNA"	"Homo sapiens"	1	GPL570	GSE7307	"CEL"	"ftp://ftp.ncbi.nlm.nih.gov/geo/samples/GSM176nnn/GSM176174/suppl"		"Richard B Roth"	"Apr 09, 2007"
GSM176175	"Hippocampus 8 Normal"	"RNA"	"Homo sapiens"	1	GPL570	GSE7307	"CEL"	"ftp://ftp.ncbi.nlm.nih.gov/geo/samples/GSM176nnn/GSM176175/suppl"		"Richard B Roth"	"Apr 09, 2007"
GSM176176	"Hippocampus 9 Normal"	"RNA"	"Homo sapiens"	1	GPL570	GSE7307	"CEL"	"ftp://ftp.ncbi.nlm.nih.gov/geo/samples/GSM176nnn/GSM176176/suppl"		"Richard B Roth"	"Apr 09, 2007"
GSM176381	"Hypothalamus 1 Normal"	"RNA"	"Homo sapiens"	1	GPL570	GSE7307	"CEL"	"ftp://ftp.ncbi.nlm.nih.gov/geo/samples/GSM176nnn/GSM176381/suppl"		"Richard B Roth"	"Apr 09, 2007"
GSM176233	"Hypothalamus 10 Normal"	"RNA"	"Homo sapiens"	1	GPL570	GSE7307	"CEL"	"ftp://ftp.ncbi.nlm.nih.gov/geo/samples/GSM176nnn/GSM176233/suppl"		"Richard B Roth"	"Apr 09, 2007"
GSM176382	"Hypothalamus 2 Normal"	"RNA"	"Homo sapiens"	1	GPL570	GSE7307	"CEL"	"ftp://ftp.ncbi.nlm.nih.gov/geo/samples/GSM176nnn/GSM176382/suppl"		"Richard B Roth"	"Apr 09, 2007"
GSM176383	"Hypothalamus 3 Normal"	"RNA"	"Homo sapiens"	1	GPL570	GSE7307	"CEL"	"ftp://ftp.ncbi.nlm.nih.gov/geo/samples/GSM176nnn/GSM176383/suppl"		"Richard B Roth"	"Apr 09, 2007"
GSM176384	"Hypothalamus 4 Normal"	"RNA"	"Homo sapiens"	1	GPL570	GSE7307	"CEL"	"ftp://ftp.ncbi.nlm.nih.gov/geo/samples/GSM176nnn/GSM176384/suppl"		"Richard B Roth"	"Apr 09, 2007"
GSM176116	"Hypothalamus 5 Normal"	"RNA"	"Homo sapiens"	1	GPL570	GSE7307	"CEL"	"ftp://ftp.ncbi.nlm.nih.gov/geo/samples/GSM176nnn/GSM176116/suppl"		"Richard B Roth"	"Apr 09, 2007"
GSM176067	"Hypothalamus 8 Normal"	"RNA"	"Homo sapiens"	1	GPL570	GSE7307	"CEL"	"ftp://ftp.ncbi.nlm.nih.gov/geo/samples/GSM176nnn/GSM176067/suppl"		"Richard B Roth"	"Apr 09, 2007"
GSM176226	"Hypothalamus 9 Normal"	"RNA"	"Homo sapiens"	1	GPL570	GSE7307	"CEL"	"ftp://ftp.ncbi.nlm.nih.gov/geo/samples/GSM176nnn/GSM176226/suppl"		"Richard B Roth"	"Apr 09, 2007"
GSM176268	"Joint Tissue Synovium 2 Normal"	"RNA"	"Homo sapiens"	1	GPL570	GSE7307	"CEL"	"ftp://ftp.ncbi.nlm.nih.gov/geo/samples/GSM176nnn/GSM176268/suppl"		"Richard B Roth"	"Apr 09, 2007"
GSM176026	"Joint Tissue Synovium 4 Normal"	"RNA"	"Homo sapiens"	1	GPL570	GSE7307	"CEL"	"ftp://ftp.ncbi.nlm.nih.gov/geo/samples/GSM176nnn/GSM176026/suppl"		"Richard B Roth"	"Apr 09, 2007"
GSM176269	"Joint Tissue Synovium 7 Normal"	"RNA"	"Homo sapiens"	1	GPL570	GSE7307	"CEL"	"ftp://ftp.ncbi.nlm.nih.gov/geo/samples/GSM176nnn/GSM176269/suppl"		"Richard B Roth"	"Apr 09, 2007"
GSM175911	"Kidney BD Normal"	"RNA"	"Homo sapiens"	1	GPL570	GSE7307	"CEL"	"ftp://ftp.ncbi.nlm.nih.gov/geo/samples/GSM175nnn/GSM175911/suppl"		"Richard B Roth"	"Apr 09, 2007"
GSM176321	"Kidney Cortex 1 Normal"	"RNA"	"Homo sapiens"	1	GPL570	GSE7307	"CEL"	"ftp://ftp.ncbi.nlm.nih.gov/geo/samples/GSM176nnn/GSM176321/suppl"		"Richard B Roth"	"Apr 09, 2007"
GSM176322	"Kidney Cortex 2 Normal"	"RNA"	"Homo sapiens"	1	GPL570	GSE7307	"CEL"	"ftp://ftp.ncbi.nlm.nih.gov/geo/samples/GSM176nnn/GSM176322/suppl"		"Richard B Roth"	"Apr 09, 2007"
GSM176323	"Kidney Cortex 3 Normal"	"RNA"	"Homo sapiens"	1	GPL570	GSE7307	"CEL"	"ftp://ftp.ncbi.nlm.nih.gov/geo/samples/GSM176nnn/GSM176323/suppl"		"Richard B Roth"	"Apr 09, 2007"
GSM176324	"Kidney Cortex 4 Normal"	"RNA"	"Homo sapiens"	1	GPL570	GSE7307	"CEL"	"ftp://ftp.ncbi.nlm.nih.gov/geo/samples/GSM176nnn/GSM176324/suppl"		"Richard B Roth"	"Apr 09, 2007"
GSM176424	"Kidney Medulla 1 Normal"	"RNA"	"Homo sapiens"	1	GPL570	GSE7307	"CEL"	"ftp://ftp.ncbi.nlm.nih.gov/geo/samples/GSM176nnn/GSM176424/suppl"		"Richard B Roth"	"Apr 09, 2007"
GSM176425	"Kidney Medulla 2 Normal"	"RNA"	"Homo sapiens"	1	GPL570	GSE7307	"CEL"	"ftp://ftp.ncbi.nlm.nih.gov/geo/samples/GSM176nnn/GSM176425/suppl"		"Richard B Roth"	"Apr 09, 2007"
GSM176426	"Kidney Medulla 3 Normal"	"RNA"	"Homo sapiens"	1	GPL570	GSE7307	"CEL"	"ftp://ftp.ncbi.nlm.nih.gov/geo/samples/GSM176nnn/GSM176426/suppl"		"Richard B Roth"	"Apr 09, 2007"
GSM176427	"Kidney Medulla 4 Normal"	"RNA"	"Homo sapiens"	1	GPL570	GSE7307	"CEL"	"ftp://ftp.ncbi.nlm.nih.gov/geo/samples/GSM176nnn/GSM176427/suppl"		"Richard B Roth"	"Apr 09, 2007"
GSM176332	"Liver 1 Normal"	"RNA"	"Homo sapiens"	1	GPL570	GSE7307	"CEL"	"ftp://ftp.ncbi.nlm.nih.gov/geo/samples/GSM176nnn/GSM176332/suppl"		"Richard B Roth"	"Apr 09, 2007"
GSM176333	"Liver 2 Normal"	"RNA"	"Homo sapiens"	1	GPL570	GSE7307	"CEL"	"ftp://ftp.ncbi.nlm.nih.gov/geo/samples/GSM176nnn/GSM176333/suppl"		"Richard B Roth"	"Apr 09, 2007"
GSM176334	"Liver 3 Normal"	"RNA"	"Homo sapiens"	1	GPL570	GSE7307	"CEL"	"ftp://ftp.ncbi.nlm.nih.gov/geo/samples/GSM176nnn/GSM176334/suppl"		"Richard B Roth"	"Apr 09, 2007"
GSM176335	"Liver 4 Normal"	"RNA"	"Homo sapiens"	1	GPL570	GSE7307	"CEL"	"ftp://ftp.ncbi.nlm.nih.gov/geo/samples/GSM176nnn/GSM176335/suppl"		"Richard B Roth"	"Apr 09, 2007"
GSM176012	"Lung 1 Normal"	"RNA"	"Homo sapiens"	1	GPL570	GSE7307	"CEL"	"ftp://ftp.ncbi.nlm.nih.gov/geo/samples/GSM176nnn/GSM176012/suppl"		"Richard B Roth"	"Apr 09, 2007"
GSM175977	"Lung 3 Normal"	"RNA"	"Homo sapiens"	1	GPL570	GSE7307	"CEL"	"ftp://ftp.ncbi.nlm.nih.gov/geo/samples/GSM175nnn/GSM175977/suppl"		"Richard B Roth"	"Apr 09, 2007"
GSM176021	"Lung 4 Normal"	"RNA"	"Homo sapiens"	1	GPL570	GSE7307	"CEL"	"ftp://ftp.ncbi.nlm.nih.gov/geo/samples/GSM176nnn/GSM176021/suppl"		"Richard B Roth"	"Apr 09, 2007"
GSM176431	"Lymph Nodes 1 Normal"	"RNA"	"Homo sapiens"	1	GPL570	GSE7307	"CEL"	"ftp://ftp.ncbi.nlm.nih.gov/geo/samples/GSM176nnn/GSM176431/suppl"		"Richard B Roth"	"Apr 09, 2007"
GSM176432	"Lymph Nodes 2 Normal"	"RNA"	"Homo sapiens"	1	GPL570	GSE7307	"CEL"	"ftp://ftp.ncbi.nlm.nih.gov/geo/samples/GSM176nnn/GSM176432/suppl"		"Richard B Roth"	"Apr 09, 2007"
GSM176433	"Lymph Nodes 3 Normal"	"RNA"	"Homo sapiens"	1	GPL570	GSE7307	"CEL"	"ftp://ftp.ncbi.nlm.nih.gov/geo/samples/GSM176nnn/GSM176433/suppl"		"Richard B Roth"	"Apr 09, 2007"
GSM176434	"Lymph Nodes 4 Normal"	"RNA"	"Homo sapiens"	1	GPL570	GSE7307	"CEL"	"ftp://ftp.ncbi.nlm.nih.gov/geo/samples/GSM176nnn/GSM176434/suppl"		"Richard B Roth"	"Apr 09, 2007"
GSM176122	"Mammary Gland 10 Normal"	"RNA"	"Homo sapiens"	1	GPL570	GSE7307	"CEL"	"ftp://ftp.ncbi.nlm.nih.gov/geo/samples/GSM176nnn/GSM176122/suppl"		"Richard B Roth"	"Apr 09, 2007"
GSM176231	"Mammary Gland 8 Normal"	"RNA"	"Homo sapiens"	1	GPL570	GSE7307	"CEL"	"ftp://ftp.ncbi.nlm.nih.gov/geo/samples/GSM176nnn/GSM176231/suppl"		"Richard B Roth"	"Apr 09, 2007"
GSM176232	"Mammary Gland 9 Normal"	"RNA"	"Homo sapiens"	1	GPL570	GSE7307	"CEL"	"ftp://ftp.ncbi.nlm.nih.gov/geo/samples/GSM176nnn/GSM176232/suppl"		"Richard B Roth"	"Apr 09, 2007"
GSM175989	"Medulla 1 Normal"	"RNA"	"Homo sapiens"	1	GPL570	GSE7307	"CEL"	"ftp://ftp.ncbi.nlm.nih.gov/geo/samples/GSM175nnn/GSM175989/suppl"		"Richard B Roth"	"Apr 09, 2007"
GSM176185	"Medulla 10 Normal"	"RNA"	"Homo sapiens"	1	GPL570	GSE7307	"CEL"	"ftp://ftp.ncbi.nlm.nih.gov/geo/samples/GSM176nnn/GSM176185/suppl"		"Richard B Roth"	"Apr 09, 2007"
GSM176018	"Medulla 2 Normal"	"RNA"	"Homo sapiens"	1	GPL570	GSE7307	"CEL"	"ftp://ftp.ncbi.nlm.nih.gov/geo/samples/GSM176nnn/GSM176018/suppl"		"Richard B Roth"	"Apr 09, 2007"
GSM175990	"Medulla 3 Normal"	"RNA"	"Homo sapiens"	1	GPL570	GSE7307	"CEL"	"ftp://ftp.ncbi.nlm.nih.gov/geo/samples/GSM175nnn/GSM175990/suppl"		"Richard B Roth"	"Apr 09, 2007"
GSM176024	"Medulla 4 Normal"	"RNA"	"Homo sapiens"	1	GPL570	GSE7307	"CEL"	"ftp://ftp.ncbi.nlm.nih.gov/geo/samples/GSM176nnn/GSM176024/suppl"		"Richard B Roth"	"Apr 09, 2007"
GSM176054	"Medulla 5 Normal"	"RNA"	"Homo sapiens"	1	GPL570	GSE7307	"CEL"	"ftp://ftp.ncbi.nlm.nih.gov/geo/samples/GSM176nnn/GSM176054/suppl"		"Richard B Roth"	"Apr 09, 2007"
GSM176182	"Medulla 7 Normal"	"RNA"	"Homo sapiens"	1	GPL570	GSE7307	"CEL"	"ftp://ftp.ncbi.nlm.nih.gov/geo/samples/GSM176nnn/GSM176182/suppl"		"Richard B Roth"	"Apr 09, 2007"
GSM176183	"Medulla 8 Normal"	"RNA"	"Homo sapiens"	1	GPL570	GSE7307	"CEL"	"ftp://ftp.ncbi.nlm.nih.gov/geo/samples/GSM176nnn/GSM176183/suppl"		"Richard B Roth"	"Apr 09, 2007"
GSM176184	"Medulla 9 Normal"	"RNA"	"Homo sapiens"	1	GPL570	GSE7307	"CEL"	"ftp://ftp.ncbi.nlm.nih.gov/geo/samples/GSM176nnn/GSM176184/suppl"		"Richard B Roth"	"Apr 09, 2007"
GSM175901	"Midbrain 1 Normal"	"RNA"	"Homo sapiens"	1	GPL570	GSE7307	"CEL"	"ftp://ftp.ncbi.nlm.nih.gov/geo/samples/GSM175nnn/GSM175901/suppl"		"Richard B Roth"	"Apr 09, 2007"
GSM175959	"Midbrain 10 Normal"	"RNA"	"Homo sapiens"	1	GPL570	GSE7307	"CEL"	"ftp://ftp.ncbi.nlm.nih.gov/geo/samples/GSM175nnn/GSM175959/suppl"		"Richard B Roth"	"Apr 09, 2007"
GSM175902	"Midbrain 2 Normal"	"RNA"	"Homo sapiens"	1	GPL570	GSE7307	"CEL"	"ftp://ftp.ncbi.nlm.nih.gov/geo/samples/GSM175nnn/GSM175902/suppl"		"Richard B Roth"	"Apr 09, 2007"
GSM175903	"Midbrain 3 Normal"	"RNA"	"Homo sapiens"	1	GPL570	GSE7307	"CEL"	"ftp://ftp.ncbi.nlm.nih.gov/geo/samples/GSM175nnn/GSM175903/suppl"		"Richard B Roth"	"Apr 09, 2007"
GSM175904	"Midbrain 4 Normal"	"RNA"	"Homo sapiens"	1	GPL570	GSE7307	"CEL"	"ftp://ftp.ncbi.nlm.nih.gov/geo/samples/GSM175nnn/GSM175904/suppl"		"Richard B Roth"	"Apr 09, 2007"
GSM175956	"Midbrain 5 Normal"	"RNA"	"Homo sapiens"	1	GPL570	GSE7307	"CEL"	"ftp://ftp.ncbi.nlm.nih.gov/geo/samples/GSM175nnn/GSM175956/suppl"		"Richard B Roth"	"Apr 09, 2007"
GSM175957	"Midbrain 6 Normal"	"RNA"	"Homo sapiens"	1	GPL570	GSE7307	"CEL"	"ftp://ftp.ncbi.nlm.nih.gov/geo/samples/GSM175nnn/GSM175957/suppl"		"Richard B Roth"	"Apr 09, 2007"
GSM176068	"Midbrain 8 Normal"	"RNA"	"Homo sapiens"	1	GPL570	GSE7307	"CEL"	"ftp://ftp.ncbi.nlm.nih.gov/geo/samples/GSM176nnn/GSM176068/suppl"		"Richard B Roth"	"Apr 09, 2007"
GSM175958	"Midbrain 9 Normal"	"RNA"	"Homo sapiens"	1	GPL570	GSE7307	"CEL"	"ftp://ftp.ncbi.nlm.nih.gov/geo/samples/GSM175nnn/GSM175958/suppl"		"Richard B Roth"	"Apr 09, 2007"
GSM176245	"Myometrium 1 Normal"	"RNA"	"Homo sapiens"	1	GPL570	GSE7307	"CEL"	"ftp://ftp.ncbi.nlm.nih.gov/geo/samples/GSM176nnn/GSM176245/suppl"		"Richard B Roth"	"Apr 09, 2007"
GSM176138	"Myometrium 10 Normal"	"RNA"	"Homo sapiens"	1	GPL570	GSE7307	"CEL"	"ftp://ftp.ncbi.nlm.nih.gov/geo/samples/GSM176nnn/GSM176138/suppl"		"Richard B Roth"	"Apr 09, 2007"
GSM176253	"Myometrium 11 Normal"	"RNA"	"Homo sapiens"	1	GPL570	GSE7307	"CEL"	"ftp://ftp.ncbi.nlm.nih.gov/geo/samples/GSM176nnn/GSM176253/suppl"		"Richard B Roth"	"Apr 09, 2007"
GSM176254	"Myometrium 12 Normal"	"RNA"	"Homo sapiens"	1	GPL570	GSE7307	"CEL"	"ftp://ftp.ncbi.nlm.nih.gov/geo/samples/GSM176nnn/GSM176254/suppl"		"Richard B Roth"	"Apr 09, 2007"
GSM176256	"Myometrium 13 Normal"	"RNA"	"Homo sapiens"	1	GPL570	GSE7307	"CEL"	"ftp://ftp.ncbi.nlm.nih.gov/geo/samples/GSM176nnn/GSM176256/suppl"		"Richard B Roth"	"Apr 09, 2007"
GSM176258	"Myometrium 14 Normal"	"RNA"	"Homo sapiens"	1	GPL570	GSE7307	"CEL"	"ftp://ftp.ncbi.nlm.nih.gov/geo/samples/GSM176nnn/GSM176258/suppl"		"Richard B Roth"	"Apr 09, 2007"
GSM176260	"Myometrium 15 Normal"	"RNA"	"Homo sapiens"	1	GPL570	GSE7307	"CEL"	"ftp://ftp.ncbi.nlm.nih.gov/geo/samples/GSM176nnn/GSM176260/suppl"		"Richard B Roth"	"Apr 09, 2007"
GSM176102	"Myometrium 16 Normal"	"RNA"	"Homo sapiens"	1	GPL570	GSE7307	"CEL"	"ftp://ftp.ncbi.nlm.nih.gov/geo/samples/GSM176nnn/GSM176102/suppl"		"Richard B Roth"	"Apr 09, 2007"
GSM176104	"Myometrium 17 Normal"	"RNA"	"Homo sapiens"	1	GPL570	GSE7307	"CEL"	"ftp://ftp.ncbi.nlm.nih.gov/geo/samples/GSM176nnn/GSM176104/suppl"		"Richard B Roth"	"Apr 09, 2007"
GSM176106	"Myometrium 18 Normal"	"RNA"	"Homo sapiens"	1	GPL570	GSE7307	"CEL"	"ftp://ftp.ncbi.nlm.nih.gov/geo/samples/GSM176nnn/GSM176106/suppl"		"Richard B Roth"	"Apr 09, 2007"
GSM176108	"Myometrium 19 Normal"	"RNA"	"Homo sapiens"	1	GPL570	GSE7307	"CEL"	"ftp://ftp.ncbi.nlm.nih.gov/geo/samples/GSM176nnn/GSM176108/suppl"		"Richard B Roth"	"Apr 09, 2007"
GSM176243	"Myometrium 2 Normal"	"RNA"	"Homo sapiens"	1	GPL570	GSE7307	"CEL"	"ftp://ftp.ncbi.nlm.nih.gov/geo/samples/GSM176nnn/GSM176243/suppl"		"Richard B Roth"	"Apr 09, 2007"
GSM176110	"Myometrium 20 Normal"	"RNA"	"Homo sapiens"	1	GPL570	GSE7307	"CEL"	"ftp://ftp.ncbi.nlm.nih.gov/geo/samples/GSM176nnn/GSM176110/suppl"		"Richard B Roth"	"Apr 09, 2007"
GSM176228	"Myometrium 21 Normal"	"RNA"	"Homo sapiens"	1	GPL570	GSE7307	"CEL"	"ftp://ftp.ncbi.nlm.nih.gov/geo/samples/GSM176nnn/GSM176228/suppl"		"Richard B Roth"	"Apr 09, 2007"
GSM176230	"Myometrium 22 Normal"	"RNA"	"Homo sapiens"	1	GPL570	GSE7307	"CEL"	"ftp://ftp.ncbi.nlm.nih.gov/geo/samples/GSM176nnn/GSM176230/suppl"		"Richard B Roth"	"Apr 09, 2007"
GSM176320	"Myometrium 3 Normal"	"RNA"	"Homo sapiens"	1	GPL570	GSE7307	"CEL"	"ftp://ftp.ncbi.nlm.nih.gov/geo/samples/GSM176nnn/GSM176320/suppl"		"Richard B Roth"	"Apr 09, 2007"
GSM176247	"Myometrium 4 Normal"	"RNA"	"Homo sapiens"	1	GPL570	GSE7307	"CEL"	"ftp://ftp.ncbi.nlm.nih.gov/geo/samples/GSM176nnn/GSM176247/suppl"		"Richard B Roth"	"Apr 09, 2007"
GSM176249	"Myometrium 5 Normal"	"RNA"	"Homo sapiens"	1	GPL570	GSE7307	"CEL"	"ftp://ftp.ncbi.nlm.nih.gov/geo/samples/GSM176nnn/GSM176249/suppl"		"Richard B Roth"	"Apr 09, 2007"
GSM176251	"Myometrium 6 Normal"	"RNA"	"Homo sapiens"	1	GPL570	GSE7307	"CEL"	"ftp://ftp.ncbi.nlm.nih.gov/geo/samples/GSM176nnn/GSM176251/suppl"		"Richard B Roth"	"Apr 09, 2007"
GSM176126	"Myometrium 7 Normal"	"RNA"	"Homo sapiens"	1	GPL570	GSE7307	"CEL"	"ftp://ftp.ncbi.nlm.nih.gov/geo/samples/GSM176nnn/GSM176126/suppl"		"Richard B Roth"	"Apr 09, 2007"
GSM176128	"Myometrium 8 Normal"	"RNA"	"Homo sapiens"	1	GPL570	GSE7307	"CEL"	"ftp://ftp.ncbi.nlm.nih.gov/geo/samples/GSM176nnn/GSM176128/suppl"		"Richard B Roth"	"Apr 09, 2007"
GSM176133	"Myometrium 9 Normal"	"RNA"	"Homo sapiens"	1	GPL570	GSE7307	"CEL"	"ftp://ftp.ncbi.nlm.nih.gov/geo/samples/GSM176nnn/GSM176133/suppl"		"Richard B Roth"	"Apr 09, 2007"
GSM175838	"Nipple Cross Section 1 Normal"	"RNA"	"Homo sapiens"	1	GPL570	GSE7307	"CEL"	"ftp://ftp.ncbi.nlm.nih.gov/geo/samples/GSM175nnn/GSM175838/suppl"		"Richard B Roth"	"Apr 09, 2007"
GSM175839	"Nipple Cross Section 2 Normal"	"RNA"	"Homo sapiens"	1	GPL570	GSE7307	"CEL"	"ftp://ftp.ncbi.nlm.nih.gov/geo/samples/GSM175nnn/GSM175839/suppl"		"Richard B Roth"	"Apr 09, 2007"
GSM175840	"Nipple Cross Section 3 Normal"	"RNA"	"Homo sapiens"	1	GPL570	GSE7307	"CEL"	"ftp://ftp.ncbi.nlm.nih.gov/geo/samples/GSM175nnn/GSM175840/suppl"		"Richard B Roth"	"Apr 09, 2007"
GSM175841	"Nipple Cross Section 4 Normal"	"RNA"	"Homo sapiens"	1	GPL570	GSE7307	"CEL"	"ftp://ftp.ncbi.nlm.nih.gov/geo/samples/GSM175nnn/GSM175841/suppl"		"Richard B Roth"	"Apr 09, 2007"
GSM176348	"Nodose Nucleus 1 Normal"	"RNA"	"Homo sapiens"	1	GPL570	GSE7307	"CEL"	"ftp://ftp.ncbi.nlm.nih.gov/geo/samples/GSM176nnn/GSM176348/suppl"		"Richard B Roth"	"Apr 09, 2007"
GSM176072	"Nodose Nucleus 10 Normal"	"RNA"	"Homo sapiens"	1	GPL570	GSE7307	"CEL"	"ftp://ftp.ncbi.nlm.nih.gov/geo/samples/GSM176nnn/GSM176072/suppl"		"Richard B Roth"	"Apr 09, 2007"
GSM176349	"Nodose Nucleus 2 Normal"	"RNA"	"Homo sapiens"	1	GPL570	GSE7307	"CEL"	"ftp://ftp.ncbi.nlm.nih.gov/geo/samples/GSM176nnn/GSM176349/suppl"		"Richard B Roth"	"Apr 09, 2007"
GSM176350	"Nodose Nucleus 3 Normal"	"RNA"	"Homo sapiens"	1	GPL570	GSE7307	"CEL"	"ftp://ftp.ncbi.nlm.nih.gov/geo/samples/GSM176nnn/GSM176350/suppl"		"Richard B Roth"	"Apr 09, 2007"
GSM176351	"Nodose Nucleus 4 Normal"	"RNA"	"Homo sapiens"	1	GPL570	GSE7307	"CEL"	"ftp://ftp.ncbi.nlm.nih.gov/geo/samples/GSM176nnn/GSM176351/suppl"		"Richard B Roth"	"Apr 09, 2007"
GSM176055	"Nodose Nucleus 5 Normal"	"RNA"	"Homo sapiens"	1	GPL570	GSE7307	"CEL"	"ftp://ftp.ncbi.nlm.nih.gov/geo/samples/GSM176nnn/GSM176055/suppl"		"Richard B Roth"	"Apr 09, 2007"
GSM176186	"Nodose Nucleus 8 Normal"	"RNA"	"Homo sapiens"	1	GPL570	GSE7307	"CEL"	"ftp://ftp.ncbi.nlm.nih.gov/geo/samples/GSM176nnn/GSM176186/suppl"		"Richard B Roth"	"Apr 09, 2007"
GSM176205	"Nodose Nucleus 9 Normal"	"RNA"	"Homo sapiens"	1	GPL570	GSE7307	"CEL"	"ftp://ftp.ncbi.nlm.nih.gov/geo/samples/GSM176nnn/GSM176205/suppl"		"Richard B Roth"	"Apr 09, 2007"
GSM176352	"Occipital Lobe 1 Normal"	"RNA"	"Homo sapiens"	1	GPL570	GSE7307	"CEL"	"ftp://ftp.ncbi.nlm.nih.gov/geo/samples/GSM176nnn/GSM176352/suppl"		"Richard B Roth"	"Apr 09, 2007"
GSM176073	"Occipital Lobe 10 Normal"	"RNA"	"Homo sapiens"	1	GPL570	GSE7307	"CEL"	"ftp://ftp.ncbi.nlm.nih.gov/geo/samples/GSM176nnn/GSM176073/suppl"		"Richard B Roth"	"Apr 09, 2007"
GSM176353	"Occipital Lobe 2 Normal"	"RNA"	"Homo sapiens"	1	GPL570	GSE7307	"CEL"	"ftp://ftp.ncbi.nlm.nih.gov/geo/samples/GSM176nnn/GSM176353/suppl"		"Richard B Roth"	"Apr 09, 2007"
GSM176354	"Occipital Lobe 3 Normal"	"RNA"	"Homo sapiens"	1	GPL570	GSE7307	"CEL"	"ftp://ftp.ncbi.nlm.nih.gov/geo/samples/GSM176nnn/GSM176354/suppl"		"Richard B Roth"	"Apr 09, 2007"
GSM176355	"Occipital Lobe 4 Normal"	"RNA"	"Homo sapiens"	1	GPL570	GSE7307	"CEL"	"ftp://ftp.ncbi.nlm.nih.gov/geo/samples/GSM176nnn/GSM176355/suppl"		"Richard B Roth"	"Apr 09, 2007"
GSM176056	"Occipital Lobe 5 Normal"	"RNA"	"Homo sapiens"	1	GPL570	GSE7307	"CEL"	"ftp://ftp.ncbi.nlm.nih.gov/geo/samples/GSM176nnn/GSM176056/suppl"		"Richard B Roth"	"Apr 09, 2007"
GSM176206	"Occipital Lobe 8 Normal"	"RNA"	"Homo sapiens"	1	GPL570	GSE7307	"CEL"	"ftp://ftp.ncbi.nlm.nih.gov/geo/samples/GSM176nnn/GSM176206/suppl"		"Richard B Roth"	"Apr 09, 2007"
GSM176207	"Occipital Lobe 9 Normal"	"RNA"	"Homo sapiens"	1	GPL570	GSE7307	"CEL"	"ftp://ftp.ncbi.nlm.nih.gov/geo/samples/GSM176nnn/GSM176207/suppl"		"Richard B Roth"	"Apr 09, 2007"
GSM176385	"Oral Mucosa 1 Normal"	"RNA"	"Homo sapiens"	1	GPL570	GSE7307	"CEL"	"ftp://ftp.ncbi.nlm.nih.gov/geo/samples/GSM176nnn/GSM176385/suppl"		"Richard B Roth"	"Apr 09, 2007"
GSM176386	"Oral Mucosa 2 Normal"	"RNA"	"Homo sapiens"	1	GPL570	GSE7307	"CEL"	"ftp://ftp.ncbi.nlm.nih.gov/geo/samples/GSM176nnn/GSM176386/suppl"		"Richard B Roth"	"Apr 09, 2007"
GSM176387	"Oral Mucosa 3 Normal"	"RNA"	"Homo sapiens"	1	GPL570	GSE7307	"CEL"	"ftp://ftp.ncbi.nlm.nih.gov/geo/samples/GSM176nnn/GSM176387/suppl"		"Richard B Roth"	"Apr 09, 2007"
GSM176388	"Oral Mucosa 4 Normal"	"RNA"	"Homo sapiens"	1	GPL570	GSE7307	"CEL"	"ftp://ftp.ncbi.nlm.nih.gov/geo/samples/GSM176nnn/GSM176388/suppl"		"Richard B Roth"	"Apr 09, 2007"
GSM175789	"Ovary 1 Normal"	"RNA"	"Homo sapiens"	1	GPL570	GSE7307	"CEL"	"ftp://ftp.ncbi.nlm.nih.gov/geo/samples/GSM175nnn/GSM175789/suppl"		"Richard B Roth"	"Apr 09, 2007"
GSM176237	"Ovary 1 Normal 2"	"RNA"	"Homo sapiens"	1	GPL570	GSE7307	"CEL"	"ftp://ftp.ncbi.nlm.nih.gov/geo/samples/GSM176nnn/GSM176237/suppl"		"Richard B Roth"	"Apr 09, 2007"
GSM176136	"Ovary 10 Normal"	"RNA"	"Homo sapiens"	1	GPL570	GSE7307	"CEL"	"ftp://ftp.ncbi.nlm.nih.gov/geo/samples/GSM176nnn/GSM176136/suppl"		"Richard B Roth"	"Apr 09, 2007"
GSM176318	"Ovary 3 Normal"	"RNA"	"Homo sapiens"	1	GPL570	GSE7307	"CEL"	"ftp://ftp.ncbi.nlm.nih.gov/geo/samples/GSM176nnn/GSM176318/suppl"		"Richard B Roth"	"Apr 09, 2007"
GSM176131	"Ovary 9 Normal"	"RNA"	"Homo sapiens"	1	GPL570	GSE7307	"CEL"	"ftp://ftp.ncbi.nlm.nih.gov/geo/samples/GSM176nnn/GSM176131/suppl"		"Richard B Roth"	"Apr 09, 2007"
GSM175950	"Pancreas SG1 Normal"	"RNA"	"Homo sapiens"	1	GPL570	GSE7307	"CEL"	"ftp://ftp.ncbi.nlm.nih.gov/geo/samples/GSM175nnn/GSM175950/suppl"		"Richard B Roth"	"Apr 09, 2007"
GSM175862	"Parietal Lobe 1 Normal"	"RNA"	"Homo sapiens"	1	GPL570	GSE7307	"CEL"	"ftp://ftp.ncbi.nlm.nih.gov/geo/samples/GSM175nnn/GSM175862/suppl"		"Richard B Roth"	"Apr 09, 2007"
GSM176181	"Parietal Lobe 10 Normal"	"RNA"	"Homo sapiens"	1	GPL570	GSE7307	"CEL"	"ftp://ftp.ncbi.nlm.nih.gov/geo/samples/GSM176nnn/GSM176181/suppl"		"Richard B Roth"	"Apr 09, 2007"
GSM175863	"Parietal Lobe 2 Normal"	"RNA"	"Homo sapiens"	1	GPL570	GSE7307	"CEL"	"ftp://ftp.ncbi.nlm.nih.gov/geo/samples/GSM175nnn/GSM175863/suppl"		"Richard B Roth"	"Apr 09, 2007"
GSM175864	"Parietal Lobe 3 Normal"	"RNA"	"Homo sapiens"	1	GPL570	GSE7307	"CEL"	"ftp://ftp.ncbi.nlm.nih.gov/geo/samples/GSM175nnn/GSM175864/suppl"		"Richard B Roth"	"Apr 09, 2007"
GSM176053	"Parietal Lobe 5 Normal"	"RNA"	"Homo sapiens"	1	GPL570	GSE7307	"CEL"	"ftp://ftp.ncbi.nlm.nih.gov/geo/samples/GSM176nnn/GSM176053/suppl"		"Richard B Roth"	"Apr 09, 2007"
GSM176178	"Parietal Lobe 7 Normal"	"RNA"	"Homo sapiens"	1	GPL570	GSE7307	"CEL"	"ftp://ftp.ncbi.nlm.nih.gov/geo/samples/GSM176nnn/GSM176178/suppl"		"Richard B Roth"	"Apr 09, 2007"
GSM176179	"Parietal Lobe 8 Normal"	"RNA"	"Homo sapiens"	1	GPL570	GSE7307	"CEL"	"ftp://ftp.ncbi.nlm.nih.gov/geo/samples/GSM176nnn/GSM176179/suppl"		"Richard B Roth"	"Apr 09, 2007"
GSM176180	"Parietal Lobe 9 Normal"	"RNA"	"Homo sapiens"	1	GPL570	GSE7307	"CEL"	"ftp://ftp.ncbi.nlm.nih.gov/geo/samples/GSM176nnn/GSM176180/suppl"		"Richard B Roth"	"Apr 09, 2007"
GSM176270	"Penis 1 Normal"	"RNA"	"Homo sapiens"	1	GPL570	GSE7307	"CEL"	"ftp://ftp.ncbi.nlm.nih.gov/geo/samples/GSM176nnn/GSM176270/suppl"		"Richard B Roth"	"Apr 09, 2007"
GSM176271	"Penis 2 Normal"	"RNA"	"Homo sapiens"	1	GPL570	GSE7307	"CEL"	"ftp://ftp.ncbi.nlm.nih.gov/geo/samples/GSM176nnn/GSM176271/suppl"		"Richard B Roth"	"Apr 09, 2007"
GSM176272	"Penis 4 Normal"	"RNA"	"Homo sapiens"	1	GPL570	GSE7307	"CEL"	"ftp://ftp.ncbi.nlm.nih.gov/geo/samples/GSM176nnn/GSM176272/suppl"		"Richard B Roth"	"Apr 09, 2007"
GSM176273	"Penis 5 Normal"	"RNA"	"Homo sapiens"	1	GPL570	GSE7307	"CEL"	"ftp://ftp.ncbi.nlm.nih.gov/geo/samples/GSM176nnn/GSM176273/suppl"		"Richard B Roth"	"Apr 09, 2007"
GSM176274	"Penis 6 Normal"	"RNA"	"Homo sapiens"	1	GPL570	GSE7307	"CEL"	"ftp://ftp.ncbi.nlm.nih.gov/geo/samples/GSM176nnn/GSM176274/suppl"		"Richard B Roth"	"Apr 09, 2007"
GSM175881	"Penis SG Normal"	"RNA"	"Homo sapiens"	1	GPL570	GSE7307	"CEL"	"ftp://ftp.ncbi.nlm.nih.gov/geo/samples/GSM175nnn/GSM175881/suppl"		"Richard B Roth"	"Apr 09, 2007"
GSM176035	"Pericardium AB Normal"	"RNA"	"Homo sapiens"	1	GPL570	GSE7307	"CEL"	"ftp://ftp.ncbi.nlm.nih.gov/geo/samples/GSM176nnn/GSM176035/suppl"		"Richard B Roth"	"Apr 09, 2007"
GSM176235	"Peritneum 1 Normal"	"RNA"	"Homo sapiens"	1	GPL570	GSE7307	"CEL"	"ftp://ftp.ncbi.nlm.nih.gov/geo/samples/GSM176nnn/GSM176235/suppl"		"Richard B Roth"	"Apr 09, 2007"
GSM176013	"Pharyngeal Mucosa 1 Normal"	"RNA"	"Homo sapiens"	1	GPL570	GSE7307	"CEL"	"ftp://ftp.ncbi.nlm.nih.gov/geo/samples/GSM176nnn/GSM176013/suppl"		"Richard B Roth"	"Apr 09, 2007"
GSM175991	"Pharyngeal Mucosa 2 Normal"	"RNA"	"Homo sapiens"	1	GPL570	GSE7307	"CEL"	"ftp://ftp.ncbi.nlm.nih.gov/geo/samples/GSM175nnn/GSM175991/suppl"		"Richard B Roth"	"Apr 09, 2007"
GSM175992	"Pharyngeal Mucosa 3 Normal"	"RNA"	"Homo sapiens"	1	GPL570	GSE7307	"CEL"	"ftp://ftp.ncbi.nlm.nih.gov/geo/samples/GSM175nnn/GSM175992/suppl"		"Richard B Roth"	"Apr 09, 2007"
GSM176025	"Pharyngeal Mucosa 4 Normal"	"RNA"	"Homo sapiens"	1	GPL570	GSE7307	"CEL"	"ftp://ftp.ncbi.nlm.nih.gov/geo/samples/GSM176nnn/GSM176025/suppl"		"Richard B Roth"	"Apr 09, 2007"
GSM176297	"Pituitary Gland 10 Normal"	"RNA"	"Homo sapiens"	1	GPL570	GSE7307	"CEL"	"ftp://ftp.ncbi.nlm.nih.gov/geo/samples/GSM176nnn/GSM176297/suppl"		"Richard B Roth"	"Apr 09, 2007"
GSM176411	"Pituitary Gland 2 Normal"	"RNA"	"Homo sapiens"	1	GPL570	GSE7307	"CEL"	"ftp://ftp.ncbi.nlm.nih.gov/geo/samples/GSM176nnn/GSM176411/suppl"		"Richard B Roth"	"Apr 09, 2007"
GSM176412	"Pituitary Gland 3 Normal"	"RNA"	"Homo sapiens"	1	GPL570	GSE7307	"CEL"	"ftp://ftp.ncbi.nlm.nih.gov/geo/samples/GSM176nnn/GSM176412/suppl"		"Richard B Roth"	"Apr 09, 2007"
GSM176413	"Pituitary Gland 4 Normal"	"RNA"	"Homo sapiens"	1	GPL570	GSE7307	"CEL"	"ftp://ftp.ncbi.nlm.nih.gov/geo/samples/GSM176nnn/GSM176413/suppl"		"Richard B Roth"	"Apr 09, 2007"
GSM176295	"Pituitary Gland 8 Normal"	"RNA"	"Homo sapiens"	1	GPL570	GSE7307	"CEL"	"ftp://ftp.ncbi.nlm.nih.gov/geo/samples/GSM176nnn/GSM176295/suppl"		"Richard B Roth"	"Apr 09, 2007"
GSM176296	"Pituitary Gland 9 Normal"	"RNA"	"Homo sapiens"	1	GPL570	GSE7307	"CEL"	"ftp://ftp.ncbi.nlm.nih.gov/geo/samples/GSM176nnn/GSM176296/suppl"		"Richard B Roth"	"Apr 09, 2007"
GSM175937	"Placenta BD Normal"	"RNA"	"Homo sapiens"	1	GPL570	GSE7307	"CEL"	"ftp://ftp.ncbi.nlm.nih.gov/geo/samples/GSM175nnn/GSM175937/suppl"		"Richard B Roth"	"Apr 09, 2007"
GSM176036	"Pons AB Normal"	"RNA"	"Homo sapiens"	1	GPL570	GSE7307	"CEL"	"ftp://ftp.ncbi.nlm.nih.gov/geo/samples/GSM176nnn/GSM176036/suppl"		"Richard B Roth"	"Apr 09, 2007"
GSM176037	"Prefrontal Cortex AB Normal"	"RNA"	"Homo sapiens"	1	GPL570	GSE7307	"CEL"	"ftp://ftp.ncbi.nlm.nih.gov/geo/samples/GSM176nnn/GSM176037/suppl"		"Richard B Roth"	"Apr 09, 2007"
GSM175923	"Prostate 18 Normal"	"RNA"	"Homo sapiens"	1	GPL570	GSE7307	"CEL"	"ftp://ftp.ncbi.nlm.nih.gov/geo/samples/GSM175nnn/GSM175923/suppl"		"Richard B Roth"	"Apr 09, 2007"
GSM175924	"Prostate 19 Normal"	"RNA"	"Homo sapiens"	1	GPL570	GSE7307	"CEL"	"ftp://ftp.ncbi.nlm.nih.gov/geo/samples/GSM175nnn/GSM175924/suppl"		"Richard B Roth"	"Apr 09, 2007"
GSM175925	"Prostate 20 Normal"	"RNA"	"Homo sapiens"	1	GPL570	GSE7307	"CEL"	"ftp://ftp.ncbi.nlm.nih.gov/geo/samples/GSM175nnn/GSM175925/suppl"		"Richard B Roth"	"Apr 09, 2007"
GSM175926	"Prostate 21 Normal"	"RNA"	"Homo sapiens"	1	GPL570	GSE7307	"CEL"	"ftp://ftp.ncbi.nlm.nih.gov/geo/samples/GSM175nnn/GSM175926/suppl"		"Richard B Roth"	"Apr 09, 2007"
GSM175927	"Prostate 22 Normal"	"RNA"	"Homo sapiens"	1	GPL570	GSE7307	"CEL"	"ftp://ftp.ncbi.nlm.nih.gov/geo/samples/GSM175nnn/GSM175927/suppl"		"Richard B Roth"	"Apr 09, 2007"
GSM175928	"Prostate 23 Normal"	"RNA"	"Homo sapiens"	1	GPL570	GSE7307	"CEL"	"ftp://ftp.ncbi.nlm.nih.gov/geo/samples/GSM175nnn/GSM175928/suppl"		"Richard B Roth"	"Apr 09, 2007"
GSM175955	"Prostate 24 Normal"	"RNA"	"Homo sapiens"	1	GPL570	GSE7307	"CEL"	"ftp://ftp.ncbi.nlm.nih.gov/geo/samples/GSM175nnn/GSM175955/suppl"		"Richard B Roth"	"Apr 09, 2007"
GSM176325	"Prostate Gland 1 Normal"	"RNA"	"Homo sapiens"	1	GPL570	GSE7307	"CEL"	"ftp://ftp.ncbi.nlm.nih.gov/geo/samples/GSM176nnn/GSM176325/suppl"		"Richard B Roth"	"Apr 09, 2007"
GSM176326	"Prostate Gland 2 Normal"	"RNA"	"Homo sapiens"	1	GPL570	GSE7307	"CEL"	"ftp://ftp.ncbi.nlm.nih.gov/geo/samples/GSM176nnn/GSM176326/suppl"		"Richard B Roth"	"Apr 09, 2007"
GSM176327	"Prostate Gland 4 Normal"	"RNA"	"Homo sapiens"	1	GPL570	GSE7307	"CEL"	"ftp://ftp.ncbi.nlm.nih.gov/geo/samples/GSM176nnn/GSM176327/suppl"		"Richard B Roth"	"Apr 09, 2007"
GSM176277	"Prostate Gland 5 Normal"	"RNA"	"Homo sapiens"	1	GPL570	GSE7307	"CEL"	"ftp://ftp.ncbi.nlm.nih.gov/geo/samples/GSM176nnn/GSM176277/suppl"		"Richard B Roth"	"Apr 09, 2007"
GSM176278	"Prostate Gland 6 Normal"	"RNA"	"Homo sapiens"	1	GPL570	GSE7307	"CEL"	"ftp://ftp.ncbi.nlm.nih.gov/geo/samples/GSM176nnn/GSM176278/suppl"		"Richard B Roth"	"Apr 09, 2007"
GSM175938	"Prostate Gland BD Normal"	"RNA"	"Homo sapiens"	1	GPL570	GSE7307	"CEL"	"ftp://ftp.ncbi.nlm.nih.gov/geo/samples/GSM175nnn/GSM175938/suppl"		"Richard B Roth"	"Apr 09, 2007"
GSM175846	"Putamen 1 Normal"	"RNA"	"Homo sapiens"	1	GPL570	GSE7307	"CEL"	"ftp://ftp.ncbi.nlm.nih.gov/geo/samples/GSM175nnn/GSM175846/suppl"		"Richard B Roth"	"Apr 09, 2007"
GSM176152	"Putamen 10 Normal"	"RNA"	"Homo sapiens"	1	GPL570	GSE7307	"CEL"	"ftp://ftp.ncbi.nlm.nih.gov/geo/samples/GSM176nnn/GSM176152/suppl"		"Richard B Roth"	"Apr 09, 2007"
GSM175847	"Putamen 2 Normal"	"RNA"	"Homo sapiens"	1	GPL570	GSE7307	"CEL"	"ftp://ftp.ncbi.nlm.nih.gov/geo/samples/GSM175nnn/GSM175847/suppl"		"Richard B Roth"	"Apr 09, 2007"
GSM176020	"Putamen 3 Normal"	"RNA"	"Homo sapiens"	1	GPL570	GSE7307	"CEL"	"ftp://ftp.ncbi.nlm.nih.gov/geo/samples/GSM176nnn/GSM176020/suppl"		"Richard B Roth"	"Apr 09, 2007"
GSM175848	"Putamen 4 Normal"	"RNA"	"Homo sapiens"	1	GPL570	GSE7307	"CEL"	"ftp://ftp.ncbi.nlm.nih.gov/geo/samples/GSM175nnn/GSM175848/suppl"		"Richard B Roth"	"Apr 09, 2007"
GSM176046	"Putamen 5 Normal"	"RNA"	"Homo sapiens"	1	GPL570	GSE7307	"CEL"	"ftp://ftp.ncbi.nlm.nih.gov/geo/samples/GSM176nnn/GSM176046/suppl"		"Richard B Roth"	"Apr 09, 2007"
GSM176169	"Putamen 7 Normal"	"RNA"	"Homo sapiens"	1	GPL570	GSE7307	"CEL"	"ftp://ftp.ncbi.nlm.nih.gov/geo/samples/GSM176nnn/GSM176169/suppl"		"Richard B Roth"	"Apr 09, 2007"
GSM176150	"Putamen 8 Normal"	"RNA"	"Homo sapiens"	1	GPL570	GSE7307	"CEL"	"ftp://ftp.ncbi.nlm.nih.gov/geo/samples/GSM176nnn/GSM176150/suppl"		"Richard B Roth"	"Apr 09, 2007"
GSM176151	"Putamen 9 Normal"	"RNA"	"Homo sapiens"	1	GPL570	GSE7307	"CEL"	"ftp://ftp.ncbi.nlm.nih.gov/geo/samples/GSM176nnn/GSM176151/suppl"		"Richard B Roth"	"Apr 09, 2007"
GSM176367	"Putamen P6 Normal"	"RNA"	"Homo sapiens"	1	GPL570	GSE7307	"CEL"	"ftp://ftp.ncbi.nlm.nih.gov/geo/samples/GSM176nnn/GSM176367/suppl"		"Richard B Roth"	"Apr 09, 2007"
GSM176371	"Putamen P7 Normal"	"RNA"	"Homo sapiens"	1	GPL570	GSE7307	"CEL"	"ftp://ftp.ncbi.nlm.nih.gov/geo/samples/GSM176nnn/GSM176371/suppl"		"Richard B Roth"	"Apr 09, 2007"
GSM176374	"Putamen P8 Normal"	"RNA"	"Homo sapiens"	1	GPL570	GSE7307	"CEL"	"ftp://ftp.ncbi.nlm.nih.gov/geo/samples/GSM176nnn/GSM176374/suppl"		"Richard B Roth"	"Apr 09, 2007"
GSM176380	"Putamen P9 Normal"	"RNA"	"Homo sapiens"	1	GPL570	GSE7307	"CEL"	"ftp://ftp.ncbi.nlm.nih.gov/geo/samples/GSM176nnn/GSM176380/suppl"		"Richard B Roth"	"Apr 09, 2007"
GSM176241	"Retrocervical Infiltrate 1 Normal"	"RNA"	"Homo sapiens"	1	GPL570	GSE7307	"CEL"	"ftp://ftp.ncbi.nlm.nih.gov/geo/samples/GSM176nnn/GSM176241/suppl"		"Richard B Roth"	"Apr 09, 2007"
GSM176414	"Salivary Gland 1 Normal"	"RNA"	"Homo sapiens"	1	GPL570	GSE7307	"CEL"	"ftp://ftp.ncbi.nlm.nih.gov/geo/samples/GSM176nnn/GSM176414/suppl"		"Richard B Roth"	"Apr 09, 2007"
GSM176415	"Salivary Gland 2 Normal"	"RNA"	"Homo sapiens"	1	GPL570	GSE7307	"CEL"	"ftp://ftp.ncbi.nlm.nih.gov/geo/samples/GSM176nnn/GSM176415/suppl"		"Richard B Roth"	"Apr 09, 2007"
GSM176416	"Salivary Gland 3 Normal"	"RNA"	"Homo sapiens"	1	GPL570	GSE7307	"CEL"	"ftp://ftp.ncbi.nlm.nih.gov/geo/samples/GSM176nnn/GSM176416/suppl"		"Richard B Roth"	"Apr 09, 2007"
GSM176417	"Salivary Gland 4 Normal"	"RNA"	"Homo sapiens"	1	GPL570	GSE7307	"CEL"	"ftp://ftp.ncbi.nlm.nih.gov/geo/samples/GSM176nnn/GSM176417/suppl"		"Richard B Roth"	"Apr 09, 2007"
GSM175939	"Salivary Gland BD Normal"	"RNA"	"Homo sapiens"	1	GPL570	GSE7307	"CEL"	"ftp://ftp.ncbi.nlm.nih.gov/geo/samples/GSM175nnn/GSM175939/suppl"		"Richard B Roth"	"Apr 09, 2007"
GSM176011	"Saphenous Vein 1 Normal"	"RNA"	"Homo sapiens"	1	GPL570	GSE7307	"CEL"	"ftp://ftp.ncbi.nlm.nih.gov/geo/samples/GSM176nnn/GSM176011/suppl"		"Richard B Roth"	"Apr 09, 2007"
GSM175879	"Saphenous Vein 2 Normal"	"RNA"	"Homo sapiens"	1	GPL570	GSE7307	"CEL"	"ftp://ftp.ncbi.nlm.nih.gov/geo/samples/GSM175nnn/GSM175879/suppl"		"Richard B Roth"	"Apr 09, 2007"
GSM175880	"Saphenous Vein 3 Normal"	"RNA"	"Homo sapiens"	1	GPL570	GSE7307	"CEL"	"ftp://ftp.ncbi.nlm.nih.gov/geo/samples/GSM175nnn/GSM175880/suppl"		"Richard B Roth"	"Apr 09, 2007"
GSM175882	"Skeletal Muscle 2 Normal"	"RNA"	"Homo sapiens"	1	GPL570	GSE7307	"CEL"	"ftp://ftp.ncbi.nlm.nih.gov/geo/samples/GSM175nnn/GSM175882/suppl"		"Richard B Roth"	"Apr 09, 2007"
GSM175883	"Skeletal Muscle 3 Normal"	"RNA"	"Homo sapiens"	1	GPL570	GSE7307	"CEL"	"ftp://ftp.ncbi.nlm.nih.gov/geo/samples/GSM175nnn/GSM175883/suppl"		"Richard B Roth"	"Apr 09, 2007"
GSM175884	"Skeletal Muscle 4 Normal"	"RNA"	"Homo sapiens"	1	GPL570	GSE7307	"CEL"	"ftp://ftp.ncbi.nlm.nih.gov/geo/samples/GSM175nnn/GSM175884/suppl"		"Richard B Roth"	"Apr 09, 2007"
GSM175940	"Skeletal Muscle BD Normal"	"RNA"	"Homo sapiens"	1	GPL570	GSE7307	"CEL"	"ftp://ftp.ncbi.nlm.nih.gov/geo/samples/GSM175nnn/GSM175940/suppl"		"Richard B Roth"	"Apr 09, 2007"
GSM175985	"Skeletal Muscle Superior Quadracep 2 Normal"	"RNA"	"Homo sapiens"	1	GPL570	GSE7307	"CEL"	"ftp://ftp.ncbi.nlm.nih.gov/geo/samples/GSM175nnn/GSM175985/suppl"		"Richard B Roth"	"Apr 09, 2007"
GSM175993	"Skin 1 Normal"	"RNA"	"Homo sapiens"	1	GPL570	GSE7307	"CEL"	"ftp://ftp.ncbi.nlm.nih.gov/geo/samples/GSM175nnn/GSM175993/suppl"		"Richard B Roth"	"Apr 09, 2007"
GSM176267	"Skin 10 Normal"	"RNA"	"Homo sapiens"	1	GPL570	GSE7307	"CEL"	"ftp://ftp.ncbi.nlm.nih.gov/geo/samples/GSM176nnn/GSM176267/suppl"		"Richard B Roth"	"Apr 09, 2007"
GSM175967	"Skin 4 Normal"	"RNA"	"Homo sapiens"	1	GPL570	GSE7307	"CEL"	"ftp://ftp.ncbi.nlm.nih.gov/geo/samples/GSM175nnn/GSM175967/suppl"		"Richard B Roth"	"Apr 09, 2007"
GSM175998	"Skin 5 Normal 1"	"RNA"	"Homo sapiens"	1	GPL570	GSE7307	"CEL"	"ftp://ftp.ncbi.nlm.nih.gov/geo/samples/GSM175nnn/GSM175998/suppl"		"Richard B Roth"	"Apr 09, 2007"
GSM176117	"Skin 5 Normal 2"	"RNA"	"Homo sapiens"	1	GPL570	GSE7307	"CEL"	"ftp://ftp.ncbi.nlm.nih.gov/geo/samples/GSM176nnn/GSM176117/suppl"		"Richard B Roth"	"Apr 09, 2007"
GSM175948	"Skin Bd Normal"	"RNA"	"Homo sapiens"	1	GPL570	GSE7307	"CEL"	"ftp://ftp.ncbi.nlm.nih.gov/geo/samples/GSM175nnn/GSM175948/suppl"		"Richard B Roth"	"Apr 09, 2007"
GSM175952	"Skin Sg Normal"	"RNA"	"Homo sapiens"	1	GPL570	GSE7307	"CEL"	"ftp://ftp.ncbi.nlm.nih.gov/geo/samples/GSM175nnn/GSM175952/suppl"		"Richard B Roth"	"Apr 09, 2007"
GSM175908	"Small Intestine BD1 Normal"	"RNA"	"Homo sapiens"	1	GPL570	GSE7307	"CEL"	"ftp://ftp.ncbi.nlm.nih.gov/geo/samples/GSM175nnn/GSM175908/suppl"		"Richard B Roth"	"Apr 09, 2007"
GSM175947	"Small Intestine BD2 Normal"	"RNA"	"Homo sapiens"	1	GPL570	GSE7307	"CEL"	"ftp://ftp.ncbi.nlm.nih.gov/geo/samples/GSM175nnn/GSM175947/suppl"		"Richard B Roth"	"Apr 09, 2007"
GSM175949	"Small Intestine Duodenum SG Normal"	"RNA"	"Homo sapiens"	1	GPL570	GSE7307	"CEL"	"ftp://ftp.ncbi.nlm.nih.gov/geo/samples/GSM175nnn/GSM175949/suppl"		"Richard B Roth"	"Apr 09, 2007"
GSM176266	"Small Intestine Jejunum 10 Normal"	"RNA"	"Homo sapiens"	1	GPL570	GSE7307	"CEL"	"ftp://ftp.ncbi.nlm.nih.gov/geo/samples/GSM176nnn/GSM176266/suppl"		"Richard B Roth"	"Apr 09, 2007"
GSM175982	"Small Intestine Jejunum 3 Normal"	"RNA"	"Homo sapiens"	1	GPL570	GSE7307	"CEL"	"ftp://ftp.ncbi.nlm.nih.gov/geo/samples/GSM175nnn/GSM175982/suppl"		"Richard B Roth"	"Apr 09, 2007"
GSM176265	"Small Intestinejejunum 6 Normal"	"RNA"	"Homo sapiens"	1	GPL570	GSE7307	"CEL"	"ftp://ftp.ncbi.nlm.nih.gov/geo/samples/GSM176nnn/GSM176265/suppl"		"Richard B Roth"	"Apr 09, 2007"
GSM175865	"Spinal Cord 1 Normal"	"RNA"	"Homo sapiens"	1	GPL570	GSE7307	"CEL"	"ftp://ftp.ncbi.nlm.nih.gov/geo/samples/GSM175nnn/GSM175865/suppl"		"Richard B Roth"	"Apr 09, 2007"
GSM176074	"Spinal Cord 10 Normal"	"RNA"	"Homo sapiens"	1	GPL570	GSE7307	"CEL"	"ftp://ftp.ncbi.nlm.nih.gov/geo/samples/GSM176nnn/GSM176074/suppl"		"Richard B Roth"	"Apr 09, 2007"
GSM175866	"Spinal Cord 2 Normal"	"RNA"	"Homo sapiens"	1	GPL570	GSE7307	"CEL"	"ftp://ftp.ncbi.nlm.nih.gov/geo/samples/GSM175nnn/GSM175866/suppl"		"Richard B Roth"	"Apr 09, 2007"
GSM175867	"Spinal Cord 3 Normal"	"RNA"	"Homo sapiens"	1	GPL570	GSE7307	"CEL"	"ftp://ftp.ncbi.nlm.nih.gov/geo/samples/GSM175nnn/GSM175867/suppl"		"Richard B Roth"	"Apr 09, 2007"
GSM175868	"Spinal Cord 4 Normal"	"RNA"	"Homo sapiens"	1	GPL570	GSE7307	"CEL"	"ftp://ftp.ncbi.nlm.nih.gov/geo/samples/GSM175nnn/GSM175868/suppl"		"Richard B Roth"	"Apr 09, 2007"
GSM176057	"Spinal Cord 5 Normal"	"RNA"	"Homo sapiens"	1	GPL570	GSE7307	"CEL"	"ftp://ftp.ncbi.nlm.nih.gov/geo/samples/GSM176nnn/GSM176057/suppl"		"Richard B Roth"	"Apr 09, 2007"
GSM176208	"Spinal Cord 8 Normal"	"RNA"	"Homo sapiens"	1	GPL570	GSE7307	"CEL"	"ftp://ftp.ncbi.nlm.nih.gov/geo/samples/GSM176nnn/GSM176208/suppl"		"Richard B Roth"	"Apr 09, 2007"
GSM176209	"Spinal Cord 9 Normal"	"RNA"	"Homo sapiens"	1	GPL570	GSE7307	"CEL"	"ftp://ftp.ncbi.nlm.nih.gov/geo/samples/GSM176nnn/GSM176209/suppl"		"Richard B Roth"	"Apr 09, 2007"
GSM175936	"Spinal Cord BD Normal"	"RNA"	"Homo sapiens"	1	GPL570	GSE7307	"CEL"	"ftp://ftp.ncbi.nlm.nih.gov/geo/samples/GSM175nnn/GSM175936/suppl"		"Richard B Roth"	"Apr 09, 2007"
GSM176328	"Spleen 1 Normal"	"RNA"	"Homo sapiens"	1	GPL570	GSE7307	"CEL"	"ftp://ftp.ncbi.nlm.nih.gov/geo/samples/GSM176nnn/GSM176328/suppl"		"Richard B Roth"	"Apr 09, 2007"
GSM176329	"Spleen 2 Normal"	"RNA"	"Homo sapiens"	1	GPL570	GSE7307	"CEL"	"ftp://ftp.ncbi.nlm.nih.gov/geo/samples/GSM176nnn/GSM176329/suppl"		"Richard B Roth"	"Apr 09, 2007"
GSM176330	"Spleen 3 Normal"	"RNA"	"Homo sapiens"	1	GPL570	GSE7307	"CEL"	"ftp://ftp.ncbi.nlm.nih.gov/geo/samples/GSM176nnn/GSM176330/suppl"		"Richard B Roth"	"Apr 09, 2007"
GSM176331	"Spleen 4 Normal"	"RNA"	"Homo sapiens"	1	GPL570	GSE7307	"CEL"	"ftp://ftp.ncbi.nlm.nih.gov/geo/samples/GSM176nnn/GSM176331/suppl"		"Richard B Roth"	"Apr 09, 2007"
GSM175941	"Spleen BD Normal"	"RNA"	"Homo sapiens"	1	GPL570	GSE7307	"CEL"	"ftp://ftp.ncbi.nlm.nih.gov/geo/samples/GSM175nnn/GSM175941/suppl"		"Richard B Roth"	"Apr 09, 2007"
GSM175943	"Stomach BD Normal"	"RNA"	"Homo sapiens"	1	GPL570	GSE7307	"CEL"	"ftp://ftp.ncbi.nlm.nih.gov/geo/samples/GSM175nnn/GSM175943/suppl"		"Richard B Roth"	"Apr 09, 2007"
GSM175822	"Stomach Cardiac 1 Normal"	"RNA"	"Homo sapiens"	1	GPL570	GSE7307	"CEL"	"ftp://ftp.ncbi.nlm.nih.gov/geo/samples/GSM175nnn/GSM175822/suppl"		"Richard B Roth"	"Apr 09, 2007"
GSM175823	"Stomach Cardiac 3 Normal"	"RNA"	"Homo sapiens"	1	GPL570	GSE7307	"CEL"	"ftp://ftp.ncbi.nlm.nih.gov/geo/samples/GSM175nnn/GSM175823/suppl"		"Richard B Roth"	"Apr 09, 2007"
GSM175824	"Stomach Cardiac 4 Normal"	"RNA"	"Homo sapiens"	1	GPL570	GSE7307	"CEL"	"ftp://ftp.ncbi.nlm.nih.gov/geo/samples/GSM175nnn/GSM175824/suppl"		"Richard B Roth"	"Apr 09, 2007"
GSM176336	"Stomach Fundus 1 Normal"	"RNA"	"Homo sapiens"	1	GPL570	GSE7307	"CEL"	"ftp://ftp.ncbi.nlm.nih.gov/geo/samples/GSM176nnn/GSM176336/suppl"		"Richard B Roth"	"Apr 09, 2007"
GSM176337	"Stomach Fundus 2 Normal"	"RNA"	"Homo sapiens"	1	GPL570	GSE7307	"CEL"	"ftp://ftp.ncbi.nlm.nih.gov/geo/samples/GSM176nnn/GSM176337/suppl"		"Richard B Roth"	"Apr 09, 2007"
GSM176338	"Stomach Fundus 3 Normal"	"RNA"	"Homo sapiens"	1	GPL570	GSE7307	"CEL"	"ftp://ftp.ncbi.nlm.nih.gov/geo/samples/GSM176nnn/GSM176338/suppl"		"Richard B Roth"	"Apr 09, 2007"
GSM176339	"Stomach Fundus 4 Normal"	"RNA"	"Homo sapiens"	1	GPL570	GSE7307	"CEL"	"ftp://ftp.ncbi.nlm.nih.gov/geo/samples/GSM176nnn/GSM176339/suppl"		"Richard B Roth"	"Apr 09, 2007"
GSM176340	"Stomach Pyloric 1 Normal"	"RNA"	"Homo sapiens"	1	GPL570	GSE7307	"CEL"	"ftp://ftp.ncbi.nlm.nih.gov/geo/samples/GSM176nnn/GSM176340/suppl"		"Richard B Roth"	"Apr 09, 2007"
GSM176341	"Stomach Pyloric 2 Normal"	"RNA"	"Homo sapiens"	1	GPL570	GSE7307	"CEL"	"ftp://ftp.ncbi.nlm.nih.gov/geo/samples/GSM176nnn/GSM176341/suppl"		"Richard B Roth"	"Apr 09, 2007"
GSM176342	"Stomach Pyloric 3 Normal"	"RNA"	"Homo sapiens"	1	GPL570	GSE7307	"CEL"	"ftp://ftp.ncbi.nlm.nih.gov/geo/samples/GSM176nnn/GSM176342/suppl"		"Richard B Roth"	"Apr 09, 2007"
GSM176343	"Stomach Pyloric 4 Normal"	"RNA"	"Homo sapiens"	1	GPL570	GSE7307	"CEL"	"ftp://ftp.ncbi.nlm.nih.gov/geo/samples/GSM176nnn/GSM176343/suppl"		"Richard B Roth"	"Apr 09, 2007"
GSM175871	"Substantia Nigra 1 Normal"	"RNA"	"Homo sapiens"	1	GPL570	GSE7307	"CEL"	"ftp://ftp.ncbi.nlm.nih.gov/geo/samples/GSM175nnn/GSM175871/suppl"		"Richard B Roth"	"Apr 09, 2007"
GSM176125	"Substantia Nigra 10 Normal"	"RNA"	"Homo sapiens"	1	GPL570	GSE7307	"CEL"	"ftp://ftp.ncbi.nlm.nih.gov/geo/samples/GSM176nnn/GSM176125/suppl"		"Richard B Roth"	"Apr 09, 2007"
GSM175872	"Substantia Nigra 2 Normal"	"RNA"	"Homo sapiens"	1	GPL570	GSE7307	"CEL"	"ftp://ftp.ncbi.nlm.nih.gov/geo/samples/GSM175nnn/GSM175872/suppl"		"Richard B Roth"	"Apr 09, 2007"
GSM175873	"Substantia Nigra 3 Normal"	"RNA"	"Homo sapiens"	1	GPL570	GSE7307	"CEL"	"ftp://ftp.ncbi.nlm.nih.gov/geo/samples/GSM175nnn/GSM175873/suppl"		"Richard B Roth"	"Apr 09, 2007"
GSM176059	"Substantia Nigra 5 Normal"	"RNA"	"Homo sapiens"	1	GPL570	GSE7307	"CEL"	"ftp://ftp.ncbi.nlm.nih.gov/geo/samples/GSM176nnn/GSM176059/suppl"		"Richard B Roth"	"Apr 09, 2007"
GSM176212	"Substantia Nigra 8 Normal"	"RNA"	"Homo sapiens"	1	GPL570	GSE7307	"CEL"	"ftp://ftp.ncbi.nlm.nih.gov/geo/samples/GSM176nnn/GSM176212/suppl"		"Richard B Roth"	"Apr 09, 2007"
GSM176213	"Substantia Nigra 9 Normal"	"RNA"	"Homo sapiens"	1	GPL570	GSE7307	"CEL"	"ftp://ftp.ncbi.nlm.nih.gov/geo/samples/GSM176nnn/GSM176213/suppl"		"Richard B Roth"	"Apr 09, 2007"
GSM176393	"Substantia Nigra Pars Compacta 4 Normal"	"RNA"	"Homo sapiens"	1	GPL570	GSE7307	"CEL"	"ftp://ftp.ncbi.nlm.nih.gov/geo/samples/GSM176nnn/GSM176393/suppl"		"Richard B Roth"	"Apr 09, 2007"
GSM176394	"Substantia Nigra Pars Compacta 5 Normal"	"RNA"	"Homo sapiens"	1	GPL570	GSE7307	"CEL"	"ftp://ftp.ncbi.nlm.nih.gov/geo/samples/GSM176nnn/GSM176394/suppl"		"Richard B Roth"	"Apr 09, 2007"
GSM176397	"Substantia Nigra Pars Compacta 6 Normal"	"RNA"	"Homo sapiens"	1	GPL570	GSE7307	"CEL"	"ftp://ftp.ncbi.nlm.nih.gov/geo/samples/GSM176nnn/GSM176397/suppl"		"Richard B Roth"	"Apr 09, 2007"
GSM176401	"Substantia Nigra Pars Compacta 7 Normal"	"RNA"	"Homo sapiens"	1	GPL570	GSE7307	"CEL"	"ftp://ftp.ncbi.nlm.nih.gov/geo/samples/GSM176nnn/GSM176401/suppl"		"Richard B Roth"	"Apr 09, 2007"
GSM176403	"Substantia Nigra Pars Compacta 8 Normal"	"RNA"	"Homo sapiens"	1	GPL570	GSE7307	"CEL"	"ftp://ftp.ncbi.nlm.nih.gov/geo/samples/GSM176nnn/GSM176403/suppl"		"Richard B Roth"	"Apr 09, 2007"
GSM176395	"Substantia Nigra Reticulata 4 Normal"	"RNA"	"Homo sapiens"	1	GPL570	GSE7307	"CEL"	"ftp://ftp.ncbi.nlm.nih.gov/geo/samples/GSM176nnn/GSM176395/suppl"		"Richard B Roth"	"Apr 09, 2007"
GSM176398	"Substantia Nigra Reticulata 5 Normal"	"RNA"	"Homo sapiens"	1	GPL570	GSE7307	"CEL"	"ftp://ftp.ncbi.nlm.nih.gov/geo/samples/GSM176nnn/GSM176398/suppl"		"Richard B Roth"	"Apr 09, 2007"
GSM176402	"Substantia Nigra Reticulata 6 Normal"	"RNA"	"Homo sapiens"	1	GPL570	GSE7307	"CEL"	"ftp://ftp.ncbi.nlm.nih.gov/geo/samples/GSM176nnn/GSM176402/suppl"		"Richard B Roth"	"Apr 09, 2007"
GSM176404	"Substantia Nigra Reticulata 7 Normal"	"RNA"	"Homo sapiens"	1	GPL570	GSE7307	"CEL"	"ftp://ftp.ncbi.nlm.nih.gov/geo/samples/GSM176nnn/GSM176404/suppl"		"Richard B Roth"	"Apr 09, 2007"
GSM176124	"Subthalamic Nucleus 10 Normal"	"RNA"	"Homo sapiens"	1	GPL570	GSE7307	"CEL"	"ftp://ftp.ncbi.nlm.nih.gov/geo/samples/GSM176nnn/GSM176124/suppl"		"Richard B Roth"	"Apr 09, 2007"
GSM175869	"Subthalamic Nucleus 2 Normal"	"RNA"	"Homo sapiens"	1	GPL570	GSE7307	"CEL"	"ftp://ftp.ncbi.nlm.nih.gov/geo/samples/GSM175nnn/GSM175869/suppl"		"Richard B Roth"	"Apr 09, 2007"
GSM175870	"Subthalamic Nucleus 3 Normal"	"RNA"	"Homo sapiens"	1	GPL570	GSE7307	"CEL"	"ftp://ftp.ncbi.nlm.nih.gov/geo/samples/GSM175nnn/GSM175870/suppl"		"Richard B Roth"	"Apr 09, 2007"
GSM176058	"Subthalamic Nucleus 5 Normal"	"RNA"	"Homo sapiens"	1	GPL570	GSE7307	"CEL"	"ftp://ftp.ncbi.nlm.nih.gov/geo/samples/GSM176nnn/GSM176058/suppl"		"Richard B Roth"	"Apr 09, 2007"
GSM176065	"Subthalamic Nucleus 6 Normal"	"RNA"	"Homo sapiens"	1	GPL570	GSE7307	"CEL"	"ftp://ftp.ncbi.nlm.nih.gov/geo/samples/GSM176nnn/GSM176065/suppl"		"Richard B Roth"	"Apr 09, 2007"
GSM176210	"Subthalamic Nucleus 8 Normal"	"RNA"	"Homo sapiens"	1	GPL570	GSE7307	"CEL"	"ftp://ftp.ncbi.nlm.nih.gov/geo/samples/GSM176nnn/GSM176210/suppl"		"Richard B Roth"	"Apr 09, 2007"
GSM176211	"Subthalamic Nucleus 9 Normal"	"RNA"	"Homo sapiens"	1	GPL570	GSE7307	"CEL"	"ftp://ftp.ncbi.nlm.nih.gov/geo/samples/GSM176nnn/GSM176211/suppl"		"Richard B Roth"	"Apr 09, 2007"
GSM175810	"Synovial Membrane 1 Normal"	"RNA"	"Homo sapiens"	1	GPL570	GSE7307	"CEL"	"ftp://ftp.ncbi.nlm.nih.gov/geo/samples/GSM175nnn/GSM175810/suppl"		"Richard B Roth"	"Apr 09, 2007"
GSM175811	"Synovial Membrane 2 Normal"	"RNA"	"Homo sapiens"	1	GPL570	GSE7307	"CEL"	"ftp://ftp.ncbi.nlm.nih.gov/geo/samples/GSM175nnn/GSM175811/suppl"		"Richard B Roth"	"Apr 09, 2007"
GSM175812	"Synovial Membrane 3 Normal"	"RNA"	"Homo sapiens"	1	GPL570	GSE7307	"CEL"	"ftp://ftp.ncbi.nlm.nih.gov/geo/samples/GSM175nnn/GSM175812/suppl"		"Richard B Roth"	"Apr 09, 2007"
GSM176290	"Synovial Membrane 4 Normal"	"RNA"	"Homo sapiens"	1	GPL570	GSE7307	"CEL"	"ftp://ftp.ncbi.nlm.nih.gov/geo/samples/GSM176nnn/GSM176290/suppl"		"Richard B Roth"	"Apr 09, 2007"
GSM176291	"Synovial Membrane 5 Normal"	"RNA"	"Homo sapiens"	1	GPL570	GSE7307	"CEL"	"ftp://ftp.ncbi.nlm.nih.gov/geo/samples/GSM176nnn/GSM176291/suppl"		"Richard B Roth"	"Apr 09, 2007"
GSM176292	"Synovial Membrane 6 Normal"	"RNA"	"Homo sapiens"	1	GPL570	GSE7307	"CEL"	"ftp://ftp.ncbi.nlm.nih.gov/geo/samples/GSM176nnn/GSM176292/suppl"		"Richard B Roth"	"Apr 09, 2007"
GSM175874	"Temporal Lobe 1 Normal"	"RNA"	"Homo sapiens"	1	GPL570	GSE7307	"CEL"	"ftp://ftp.ncbi.nlm.nih.gov/geo/samples/GSM175nnn/GSM175874/suppl"		"Richard B Roth"	"Apr 09, 2007"
GSM176215	"Temporal Lobe 10 Normal"	"RNA"	"Homo sapiens"	1	GPL570	GSE7307	"CEL"	"ftp://ftp.ncbi.nlm.nih.gov/geo/samples/GSM176nnn/GSM176215/suppl"		"Richard B Roth"	"Apr 09, 2007"
GSM175875	"Temporal Lobe 2 Normal"	"RNA"	"Homo sapiens"	1	GPL570	GSE7307	"CEL"	"ftp://ftp.ncbi.nlm.nih.gov/geo/samples/GSM175nnn/GSM175875/suppl"		"Richard B Roth"	"Apr 09, 2007"
GSM175876	"Temporal Lobe 3 Normal"	"RNA"	"Homo sapiens"	1	GPL570	GSE7307	"CEL"	"ftp://ftp.ncbi.nlm.nih.gov/geo/samples/GSM175nnn/GSM175876/suppl"		"Richard B Roth"	"Apr 09, 2007"
GSM175877	"Temporal Lobe 4 Normal"	"RNA"	"Homo sapiens"	1	GPL570	GSE7307	"CEL"	"ftp://ftp.ncbi.nlm.nih.gov/geo/samples/GSM175nnn/GSM175877/suppl"		"Richard B Roth"	"Apr 09, 2007"
GSM176060	"Temporal Lobe 5 Normal"	"RNA"	"Homo sapiens"	1	GPL570	GSE7307	"CEL"	"ftp://ftp.ncbi.nlm.nih.gov/geo/samples/GSM176nnn/GSM176060/suppl"		"Richard B Roth"	"Apr 09, 2007"
GSM176214	"Temporal Lobe 8 Normal"	"RNA"	"Homo sapiens"	1	GPL570	GSE7307	"CEL"	"ftp://ftp.ncbi.nlm.nih.gov/geo/samples/GSM176nnn/GSM176214/suppl"		"Richard B Roth"	"Apr 09, 2007"
GSM176069	"Temporal Lobe 9 Normal"	"RNA"	"Homo sapiens"	1	GPL570	GSE7307	"CEL"	"ftp://ftp.ncbi.nlm.nih.gov/geo/samples/GSM176nnn/GSM176069/suppl"		"Richard B Roth"	"Apr 09, 2007"
GSM176422	"Testes 1 Normal"	"RNA"	"Homo sapiens"	1	GPL570	GSE7307	"CEL"	"ftp://ftp.ncbi.nlm.nih.gov/geo/samples/GSM176nnn/GSM176422/suppl"		"Richard B Roth"	"Apr 09, 2007"
GSM176423	"Testes 2 Normal"	"RNA"	"Homo sapiens"	1	GPL570	GSE7307	"CEL"	"ftp://ftp.ncbi.nlm.nih.gov/geo/samples/GSM176nnn/GSM176423/suppl"		"Richard B Roth"	"Apr 09, 2007"
GSM176275	"Testes 4 Normal"	"RNA"	"Homo sapiens"	1	GPL570	GSE7307	"CEL"	"ftp://ftp.ncbi.nlm.nih.gov/geo/samples/GSM176nnn/GSM176275/suppl"		"Richard B Roth"	"Apr 09, 2007"
GSM176113	"Testes 5 Normal"	"RNA"	"Homo sapiens"	1	GPL570	GSE7307	"CEL"	"ftp://ftp.ncbi.nlm.nih.gov/geo/samples/GSM176nnn/GSM176113/suppl"		"Richard B Roth"	"Apr 09, 2007"
GSM176276	"Testes 6 Normal"	"RNA"	"Homo sapiens"	1	GPL570	GSE7307	"CEL"	"ftp://ftp.ncbi.nlm.nih.gov/geo/samples/GSM176nnn/GSM176276/suppl"		"Richard B Roth"	"Apr 09, 2007"
GSM175942	"Testes BD Normal"	"RNA"	"Homo sapiens"	1	GPL570	GSE7307	"CEL"	"ftp://ftp.ncbi.nlm.nih.gov/geo/samples/GSM175nnn/GSM175942/suppl"		"Richard B Roth"	"Apr 09, 2007"
GSM175885	"Thalamus 1 Normal"	"RNA"	"Homo sapiens"	1	GPL570	GSE7307	"CEL"	"ftp://ftp.ncbi.nlm.nih.gov/geo/samples/GSM175nnn/GSM175885/suppl"		"Richard B Roth"	"Apr 09, 2007"
GSM176217	"Thalamus 10 Normal"	"RNA"	"Homo sapiens"	1	GPL570	GSE7307	"CEL"	"ftp://ftp.ncbi.nlm.nih.gov/geo/samples/GSM176nnn/GSM176217/suppl"		"Richard B Roth"	"Apr 09, 2007"
GSM175886	"Thalamus 2 Normal"	"RNA"	"Homo sapiens"	1	GPL570	GSE7307	"CEL"	"ftp://ftp.ncbi.nlm.nih.gov/geo/samples/GSM175nnn/GSM175886/suppl"		"Richard B Roth"	"Apr 09, 2007"
GSM175887	"Thalamus 3 Normal"	"RNA"	"Homo sapiens"	1	GPL570	GSE7307	"CEL"	"ftp://ftp.ncbi.nlm.nih.gov/geo/samples/GSM175nnn/GSM175887/suppl"		"Richard B Roth"	"Apr 09, 2007"
GSM175888	"Thalamus 4 Normal"	"RNA"	"Homo sapiens"	1	GPL570	GSE7307	"CEL"	"ftp://ftp.ncbi.nlm.nih.gov/geo/samples/GSM175nnn/GSM175888/suppl"		"Richard B Roth"	"Apr 09, 2007"
GSM176061	"Thalamus 5 Normal"	"RNA"	"Homo sapiens"	1	GPL570	GSE7307	"CEL"	"ftp://ftp.ncbi.nlm.nih.gov/geo/samples/GSM176nnn/GSM176061/suppl"		"Richard B Roth"	"Apr 09, 2007"
GSM176216	"Thalamus 8 Normal"	"RNA"	"Homo sapiens"	1	GPL570	GSE7307	"CEL"	"ftp://ftp.ncbi.nlm.nih.gov/geo/samples/GSM176nnn/GSM176216/suppl"		"Richard B Roth"	"Apr 09, 2007"
GSM176070	"Thalamus 9 Normal"	"RNA"	"Homo sapiens"	1	GPL570	GSE7307	"CEL"	"ftp://ftp.ncbi.nlm.nih.gov/geo/samples/GSM176nnn/GSM176070/suppl"		"Richard B Roth"	"Apr 09, 2007"
GSM176452	"Thalamus Lateral Nuclei 3 Normal"	"RNA"	"Homo sapiens"	1	GPL570	GSE7307	"CEL"	"ftp://ftp.ncbi.nlm.nih.gov/geo/samples/GSM176nnn/GSM176452/suppl"		"Richard B Roth"	"Apr 09, 2007"
GSM176454	"Thalamus Lateral Nuclei 4 Normal"	"RNA"	"Homo sapiens"	1	GPL570	GSE7307	"CEL"	"ftp://ftp.ncbi.nlm.nih.gov/geo/samples/GSM176nnn/GSM176454/suppl"		"Richard B Roth"	"Apr 09, 2007"
GSM176451	"Thalamus Subthalamic Nucleus 3 Normal"	"RNA"	"Homo sapiens"	1	GPL570	GSE7307	"CEL"	"ftp://ftp.ncbi.nlm.nih.gov/geo/samples/GSM176nnn/GSM176451/suppl"		"Richard B Roth"	"Apr 09, 2007"
GSM176453	"Thalamus Subthalamic Nucleus 4 Normal"	"RNA"	"Homo sapiens"	1	GPL570	GSE7307	"CEL"	"ftp://ftp.ncbi.nlm.nih.gov/geo/samples/GSM176nnn/GSM176453/suppl"		"Richard B Roth"	"Apr 09, 2007"
GSM175973	"Thymus Gland 1 Normal"	"RNA"	"Homo sapiens"	1	GPL570	GSE7307	"CEL"	"ftp://ftp.ncbi.nlm.nih.gov/geo/samples/GSM175nnn/GSM175973/suppl"		"Richard B Roth"	"Apr 09, 2007"
GSM176262	"Thymus Gland 10 Normal"	"RNA"	"Homo sapiens"	1	GPL570	GSE7307	"CEL"	"ftp://ftp.ncbi.nlm.nih.gov/geo/samples/GSM176nnn/GSM176262/suppl"		"Richard B Roth"	"Apr 09, 2007"
GSM176418	"Thyroid Gland 1 Normal"	"RNA"	"Homo sapiens"	1	GPL570	GSE7307	"CEL"	"ftp://ftp.ncbi.nlm.nih.gov/geo/samples/GSM176nnn/GSM176418/suppl"		"Richard B Roth"	"Apr 09, 2007"
GSM176419	"Thyroid Gland 2 Normal"	"RNA"	"Homo sapiens"	1	GPL570	GSE7307	"CEL"	"ftp://ftp.ncbi.nlm.nih.gov/geo/samples/GSM176nnn/GSM176419/suppl"		"Richard B Roth"	"Apr 09, 2007"
GSM176420	"Thyroid Gland 3 Normal"	"RNA"	"Homo sapiens"	1	GPL570	GSE7307	"CEL"	"ftp://ftp.ncbi.nlm.nih.gov/geo/samples/GSM176nnn/GSM176420/suppl"		"Richard B Roth"	"Apr 09, 2007"
GSM176421	"Thyroid Gland 4 Normal"	"RNA"	"Homo sapiens"	1	GPL570	GSE7307	"CEL"	"ftp://ftp.ncbi.nlm.nih.gov/geo/samples/GSM176nnn/GSM176421/suppl"		"Richard B Roth"	"Apr 09, 2007"
GSM175954	"Thyroid Gland BD Normal"	"RNA"	"Homo sapiens"	1	GPL570	GSE7307	"CEL"	"ftp://ftp.ncbi.nlm.nih.gov/geo/samples/GSM175nnn/GSM175954/suppl"		"Richard B Roth"	"Apr 09, 2007"
GSM175946	"Tongue BD Normal"	"RNA"	"Homo sapiens"	1	GPL570	GSE7307	"CEL"	"ftp://ftp.ncbi.nlm.nih.gov/geo/samples/GSM175nnn/GSM175946/suppl"		"Richard B Roth"	"Apr 09, 2007"
GSM176014	"Tongue Main Corpus 1 Normal"	"RNA"	"Homo sapiens"	1	GPL570	GSE7307	"CEL"	"ftp://ftp.ncbi.nlm.nih.gov/geo/samples/GSM176nnn/GSM176014/suppl"		"Richard B Roth"	"Apr 09, 2007"
GSM176019	"Tongue Main Corpus 2 Normal"	"RNA"	"Homo sapiens"	1	GPL570	GSE7307	"CEL"	"ftp://ftp.ncbi.nlm.nih.gov/geo/samples/GSM176nnn/GSM176019/suppl"		"Richard B Roth"	"Apr 09, 2007"
GSM175900	"Tongue Main Corpus 3 Normal"	"RNA"	"Homo sapiens"	1	GPL570	GSE7307	"CEL"	"ftp://ftp.ncbi.nlm.nih.gov/geo/samples/GSM175nnn/GSM175900/suppl"		"Richard B Roth"	"Apr 09, 2007"
GSM176029	"Tongue Main Corpus 4 Normal"	"RNA"	"Homo sapiens"	1	GPL570	GSE7307	"CEL"	"ftp://ftp.ncbi.nlm.nih.gov/geo/samples/GSM176nnn/GSM176029/suppl"		"Richard B Roth"	"Apr 09, 2007"
GSM175953	"Tongue SG Normal"	"RNA"	"Homo sapiens"	1	GPL570	GSE7307	"CEL"	"ftp://ftp.ncbi.nlm.nih.gov/geo/samples/GSM175nnn/GSM175953/suppl"		"Richard B Roth"	"Apr 09, 2007"
GSM175896	"Tongue Superior With Papillae 1 Normal"	"RNA"	"Homo sapiens"	1	GPL570	GSE7307	"CEL"	"ftp://ftp.ncbi.nlm.nih.gov/geo/samples/GSM175nnn/GSM175896/suppl"		"Richard B Roth"	"Apr 09, 2007"
GSM175897	"Tongue Superior With Papillae 2 Normal"	"RNA"	"Homo sapiens"	1	GPL570	GSE7307	"CEL"	"ftp://ftp.ncbi.nlm.nih.gov/geo/samples/GSM175nnn/GSM175897/suppl"		"Richard B Roth"	"Apr 09, 2007"
GSM175898	"Tongue Superior With Papillae 3 Normal"	"RNA"	"Homo sapiens"	1	GPL570	GSE7307	"CEL"	"ftp://ftp.ncbi.nlm.nih.gov/geo/samples/GSM175nnn/GSM175898/suppl"		"Richard B Roth"	"Apr 09, 2007"
GSM175899	"Tongue Superior With Papillae 4 Normal"	"RNA"	"Homo sapiens"	1	GPL570	GSE7307	"CEL"	"ftp://ftp.ncbi.nlm.nih.gov/geo/samples/GSM175nnn/GSM175899/suppl"		"Richard B Roth"	"Apr 09, 2007"
GSM176015	"Tonsil 2 Normal"	"RNA"	"Homo sapiens"	1	GPL570	GSE7307	"CEL"	"ftp://ftp.ncbi.nlm.nih.gov/geo/samples/GSM176nnn/GSM176015/suppl"		"Richard B Roth"	"Apr 09, 2007"
GSM175976	"Tonsil 3 Normal"	"RNA"	"Homo sapiens"	1	GPL570	GSE7307	"CEL"	"ftp://ftp.ncbi.nlm.nih.gov/geo/samples/GSM175nnn/GSM175976/suppl"		"Richard B Roth"	"Apr 09, 2007"
GSM176114	"Tonsil 5 Normal"	"RNA"	"Homo sapiens"	1	GPL570	GSE7307	"CEL"	"ftp://ftp.ncbi.nlm.nih.gov/geo/samples/GSM176nnn/GSM176114/suppl"		"Richard B Roth"	"Apr 09, 2007"
GSM175980	"Trachea 2 Normal"	"RNA"	"Homo sapiens"	1	GPL570	GSE7307	"CEL"	"ftp://ftp.ncbi.nlm.nih.gov/geo/samples/GSM175nnn/GSM175980/suppl"		"Richard B Roth"	"Apr 09, 2007"
GSM175981	"Trachea 3 Normal"	"RNA"	"Homo sapiens"	1	GPL570	GSE7307	"CEL"	"ftp://ftp.ncbi.nlm.nih.gov/geo/samples/GSM175nnn/GSM175981/suppl"		"Richard B Roth"	"Apr 09, 2007"
GSM176023	"Trachea 4 Normal"	"RNA"	"Homo sapiens"	1	GPL570	GSE7307	"CEL"	"ftp://ftp.ncbi.nlm.nih.gov/geo/samples/GSM176nnn/GSM176023/suppl"		"Richard B Roth"	"Apr 09, 2007"
GSM175944	"Trachea BD Normal"	"RNA"	"Homo sapiens"	1	GPL570	GSE7307	"CEL"	"ftp://ftp.ncbi.nlm.nih.gov/geo/samples/GSM175nnn/GSM175944/suppl"		"Richard B Roth"	"Apr 09, 2007"
GSM175889	"Trigeminal Ganglia 1 Normal"	"RNA"	"Homo sapiens"	1	GPL570	GSE7307	"CEL"	"ftp://ftp.ncbi.nlm.nih.gov/geo/samples/GSM175nnn/GSM175889/suppl"		"Richard B Roth"	"Apr 09, 2007"
GSM176076	"Trigeminal Ganglia 10 Normal"	"RNA"	"Homo sapiens"	1	GPL570	GSE7307	"CEL"	"ftp://ftp.ncbi.nlm.nih.gov/geo/samples/GSM176nnn/GSM176076/suppl"		"Richard B Roth"	"Apr 09, 2007"
GSM175890	"Trigeminal Ganglia 2 Normal"	"RNA"	"Homo sapiens"	1	GPL570	GSE7307	"CEL"	"ftp://ftp.ncbi.nlm.nih.gov/geo/samples/GSM175nnn/GSM175890/suppl"		"Richard B Roth"	"Apr 09, 2007"
GSM175891	"Trigeminal Ganglia 3 Normal"	"RNA"	"Homo sapiens"	1	GPL570	GSE7307	"CEL"	"ftp://ftp.ncbi.nlm.nih.gov/geo/samples/GSM175nnn/GSM175891/suppl"		"Richard B Roth"	"Apr 09, 2007"
GSM175892	"Trigeminal Ganglia 4 Normal"	"RNA"	"Homo sapiens"	1	GPL570	GSE7307	"CEL"	"ftp://ftp.ncbi.nlm.nih.gov/geo/samples/GSM175nnn/GSM175892/suppl"		"Richard B Roth"	"Apr 09, 2007"
GSM176063	"Trigeminal Ganglia 5 Normal"	"RNA"	"Homo sapiens"	1	GPL570	GSE7307	"CEL"	"ftp://ftp.ncbi.nlm.nih.gov/geo/samples/GSM176nnn/GSM176063/suppl"		"Richard B Roth"	"Apr 09, 2007"
GSM176220	"Trigeminal Ganglia 8 Normal"	"RNA"	"Homo sapiens"	1	GPL570	GSE7307	"CEL"	"ftp://ftp.ncbi.nlm.nih.gov/geo/samples/GSM176nnn/GSM176220/suppl"		"Richard B Roth"	"Apr 09, 2007"
GSM176221	"Trigeminal Ganglia 9 Normal"	"RNA"	"Homo sapiens"	1	GPL570	GSE7307	"CEL"	"ftp://ftp.ncbi.nlm.nih.gov/geo/samples/GSM176nnn/GSM176221/suppl"		"Richard B Roth"	"Apr 09, 2007"
GSM176428	"Urethra 1 Normal"	"RNA"	"Homo sapiens"	1	GPL570	GSE7307	"CEL"	"ftp://ftp.ncbi.nlm.nih.gov/geo/samples/GSM176nnn/GSM176428/suppl"		"Richard B Roth"	"Apr 09, 2007"
GSM176429	"Urethra 2 Normal"	"RNA"	"Homo sapiens"	1	GPL570	GSE7307	"CEL"	"ftp://ftp.ncbi.nlm.nih.gov/geo/samples/GSM176nnn/GSM176429/suppl"		"Richard B Roth"	"Apr 09, 2007"
GSM176430	"Urethra 4 Normal"	"RNA"	"Homo sapiens"	1	GPL570	GSE7307	"CEL"	"ftp://ftp.ncbi.nlm.nih.gov/geo/samples/GSM176nnn/GSM176430/suppl"		"Richard B Roth"	"Apr 09, 2007"
GSM176279	"Urethra 5 Normal"	"RNA"	"Homo sapiens"	1	GPL570	GSE7307	"CEL"	"ftp://ftp.ncbi.nlm.nih.gov/geo/samples/GSM176nnn/GSM176279/suppl"		"Richard B Roth"	"Apr 09, 2007"
GSM176280	"Urethra 6 Normal"	"RNA"	"Homo sapiens"	1	GPL570	GSE7307	"CEL"	"ftp://ftp.ncbi.nlm.nih.gov/geo/samples/GSM176nnn/GSM176280/suppl"		"Richard B Roth"	"Apr 09, 2007"
GSM175945	"Uterus BD Normal"	"RNA"	"Homo sapiens"	1	GPL570	GSE7307	"CEL"	"ftp://ftp.ncbi.nlm.nih.gov/geo/samples/GSM175nnn/GSM175945/suppl"		"Richard B Roth"	"Apr 09, 2007"
GSM176139	"Vagina 10 Normal"	"RNA"	"Homo sapiens"	1	GPL570	GSE7307	"CEL"	"ftp://ftp.ncbi.nlm.nih.gov/geo/samples/GSM176nnn/GSM176139/suppl"		"Richard B Roth"	"Apr 09, 2007"
GSM175878	"Vagina 3 Normal"	"RNA"	"Homo sapiens"	1	GPL570	GSE7307	"CEL"	"ftp://ftp.ncbi.nlm.nih.gov/geo/samples/GSM175nnn/GSM175878/suppl"		"Richard B Roth"	"Apr 09, 2007"
GSM176129	"Vagina 8 Normal"	"RNA"	"Homo sapiens"	1	GPL570	GSE7307	"CEL"	"ftp://ftp.ncbi.nlm.nih.gov/geo/samples/GSM176nnn/GSM176129/suppl"		"Richard B Roth"	"Apr 09, 2007"
GSM176134	"Vagina 9 Normal"	"RNA"	"Homo sapiens"	1	GPL570	GSE7307	"CEL"	"ftp://ftp.ncbi.nlm.nih.gov/geo/samples/GSM176nnn/GSM176134/suppl"		"Richard B Roth"	"Apr 09, 2007"
GSM176038	"Vena Cava AB Normal"	"RNA"	"Homo sapiens"	1	GPL570	GSE7307	"CEL"	"ftp://ftp.ncbi.nlm.nih.gov/geo/samples/GSM176nnn/GSM176038/suppl"		"Richard B Roth"	"Apr 09, 2007"
GSM175829	"Ventral Tegmental Area 1 Normal"	"RNA"	"Homo sapiens"	1	GPL570	GSE7307	"CEL"	"ftp://ftp.ncbi.nlm.nih.gov/geo/samples/GSM175nnn/GSM175829/suppl"		"Richard B Roth"	"Apr 09, 2007"
GSM176223	"Ventral Tegmental Area 10 Normal"	"RNA"	"Homo sapiens"	1	GPL570	GSE7307	"CEL"	"ftp://ftp.ncbi.nlm.nih.gov/geo/samples/GSM176nnn/GSM176223/suppl"		"Richard B Roth"	"Apr 09, 2007"
GSM175830	"Ventral Tegmental Area 2 Normal"	"RNA"	"Homo sapiens"	1	GPL570	GSE7307	"CEL"	"ftp://ftp.ncbi.nlm.nih.gov/geo/samples/GSM175nnn/GSM175830/suppl"		"Richard B Roth"	"Apr 09, 2007"
GSM175831	"Ventral Tegmental Area 3 Normal"	"RNA"	"Homo sapiens"	1	GPL570	GSE7307	"CEL"	"ftp://ftp.ncbi.nlm.nih.gov/geo/samples/GSM175nnn/GSM175831/suppl"		"Richard B Roth"	"Apr 09, 2007"
GSM175832	"Ventral Tegmental Area 4 Normal"	"RNA"	"Homo sapiens"	1	GPL570	GSE7307	"CEL"	"ftp://ftp.ncbi.nlm.nih.gov/geo/samples/GSM175nnn/GSM175832/suppl"		"Richard B Roth"	"Apr 09, 2007"
GSM176064	"Ventral Tegmental Area 5 Normal"	"RNA"	"Homo sapiens"	1	GPL570	GSE7307	"CEL"	"ftp://ftp.ncbi.nlm.nih.gov/geo/samples/GSM176nnn/GSM176064/suppl"		"Richard B Roth"	"Apr 09, 2007"
GSM176222	"Ventral Tegmental Area 8 Normal"	"RNA"	"Homo sapiens"	1	GPL570	GSE7307	"CEL"	"ftp://ftp.ncbi.nlm.nih.gov/geo/samples/GSM176nnn/GSM176222/suppl"		"Richard B Roth"	"Apr 09, 2007"
GSM176071	"Ventral Tegmental Area 9 Normal"	"RNA"	"Homo sapiens"	1	GPL570	GSE7307	"CEL"	"ftp://ftp.ncbi.nlm.nih.gov/geo/samples/GSM176nnn/GSM176071/suppl"		"Richard B Roth"	"Apr 09, 2007"
GSM176077	"Vestibular Nuclei Superior 10 Normal"	"RNA"	"Homo sapiens"	1	GPL570	GSE7307	"CEL"	"ftp://ftp.ncbi.nlm.nih.gov/geo/samples/GSM176nnn/GSM176077/suppl"		"Richard B Roth"	"Apr 09, 2007"
GSM175893	"Vestibular Nuclei Superior 2 Normal"	"RNA"	"Homo sapiens"	1	GPL570	GSE7307	"CEL"	"ftp://ftp.ncbi.nlm.nih.gov/geo/samples/GSM175nnn/GSM175893/suppl"		"Richard B Roth"	"Apr 09, 2007"
GSM175894	"Vestibular Nuclei Superior 3 Normal"	"RNA"	"Homo sapiens"	1	GPL570	GSE7307	"CEL"	"ftp://ftp.ncbi.nlm.nih.gov/geo/samples/GSM175nnn/GSM175894/suppl"		"Richard B Roth"	"Apr 09, 2007"
GSM175895	"Vestibular Nuclei Superior 4 Normal"	"RNA"	"Homo sapiens"	1	GPL570	GSE7307	"CEL"	"ftp://ftp.ncbi.nlm.nih.gov/geo/samples/GSM175nnn/GSM175895/suppl"		"Richard B Roth"	"Apr 09, 2007"
GSM176066	"Vestibular Nuclei Superior 6 Normal"	"RNA"	"Homo sapiens"	1	GPL570	GSE7307	"CEL"	"ftp://ftp.ncbi.nlm.nih.gov/geo/samples/GSM176nnn/GSM176066/suppl"		"Richard B Roth"	"Apr 09, 2007"
GSM176224	"Vestibular Nuclei Superior 8 Normal"	"RNA"	"Homo sapiens"	1	GPL570	GSE7307	"CEL"	"ftp://ftp.ncbi.nlm.nih.gov/geo/samples/GSM176nnn/GSM176224/suppl"		"Richard B Roth"	"Apr 09, 2007"
GSM176225	"Vestibular Nuclei Superior 9 Normal"	"RNA"	"Homo sapiens"	1	GPL570	GSE7307	"CEL"	"ftp://ftp.ncbi.nlm.nih.gov/geo/samples/GSM176nnn/GSM176225/suppl"		"Richard B Roth"	"Apr 09, 2007"
GSM176081	"Vulva 10 Normal"	"RNA"	"Homo sapiens"	1	GPL570	GSE7307	"CEL"	"ftp://ftp.ncbi.nlm.nih.gov/geo/samples/GSM176nnn/GSM176081/suppl"		"Richard B Roth"	"Apr 09, 2007"
GSM176078	"Vulva 3 Normal"	"RNA"	"Homo sapiens"	1	GPL570	GSE7307	"CEL"	"ftp://ftp.ncbi.nlm.nih.gov/geo/samples/GSM176nnn/GSM176078/suppl"		"Richard B Roth"	"Apr 09, 2007"
GSM176079	"Vulva 8 Normal"	"RNA"	"Homo sapiens"	1	GPL570	GSE7307	"CEL"	"ftp://ftp.ncbi.nlm.nih.gov/geo/samples/GSM176nnn/GSM176079/suppl"		"Richard B Roth"	"Apr 09, 2007"
GSM176080	"Vulva 9 Normal"	"RNA"	"Homo sapiens"	1	GPL570	GSE7307	"CEL"	"ftp://ftp.ncbi.nlm.nih.gov/geo/samples/GSM176nnn/GSM176080/suppl"		"Richard B Roth"	"Apr 09, 2007"
