#ERP000546 - Illumina bodyMap2 transcriptome					
Description (RefEx refined)	Japanese	10 groups	40 groups	PAIRED	SINGLE
thyroid	甲状腺	10	36	ERR030872	ERR030903
testis	精巣	4	24	ERR030873	ERR030902
ovary	卵巣	4	23	ERR030874	ERR030901
skeletal muscle	骨格筋	5	26	ERR030876	ERR030899
prostate	前立腺	4	22	ERR030877	ERR030898
lymph node	リンパ節	2	12	ERR030878	ERR030897
lung	肺	8	32	ERR030879	ERR030896
adipose	脂肪組織	3	17	ERR030880	ERR030888
adrenal	副腎	10	37	ERR030881	ERR030889
brain	脳	1	1	ERR030882	ERR030890
breast	乳房	10	39	ERR030883	ERR030891
colon	大腸	6	30	ERR030884	ERR030892
kidney	腎臓	9	34	ERR030885	ERR030893
heart	心臓	5	25	ERR030886	ERR030894
liver	肝臓	7	31	ERR030887	ERR030895
leukocyte	白血球	-	-		