"ID"	日本語名	英語名
v1	大脳	cerebrum
v2	小脳	cerebellum
v3	脳幹	brain stem
v4	脳梁	corpus callosum/glia
v5	松果体	pineal gland
v6	末梢神経	peripheral nerve
v7	脊柱	spine
v8	網膜	retina
v9	目	eye
		
v10	動脈	artery/aorta
v11	静脈	vein
v12	リンパ節	lymphnode
v13	末梢血	peripheral blood
v14	脾臓	spleen
v15	胸腺	thymus
v16	骨髄	bone marrow
		
v17	脂肪	adipose
v18	骨	bone
v19	皮膚	skin
		
v20	子宮	uterus
v21	胎盤	placenta
v22	前立腺	prostate
v23	卵巣	ovary
v24	精巣	testis
		
v25	心臓	heart
v26	骨格筋	muscle
		
v27	食道	esophagus
v28	胃	stomach
v29	腸	intestine
v30	結腸	colon
		
v31	肝臓	liver/hepato
		
v32	肺	lung
		
v33	膀胱	bladder
v34	腎臓	kidney
		
v35	下垂体	pituitary
v36	甲状腺	thyroid/parathyroid
v37	副腎	adrenal gland
v38	膵臓	pancreas
v39	乳腺	breast
v40	唾液腺	salivary
