Accession	Title	Sample Type	Taxonomy	Channels	Platform	Series	Supplementary Types	Supplementary Links	SRA Accession	Contact	Release Date
GSM15125	"amygdala sprague 3950"	"RNA"	"Rattus norvegicus"	1	GPL85	GSE952	"CEL;CHP;EXP"	"ftp://ftp.ncbi.nlm.nih.gov/geo/samples/GSM15nnn/GSM15125/suppl"		"John R Walker"	"Jan 27, 2004"
GSM15175	"amygdala wistar ky 3946"	"RNA"	"Rattus norvegicus"	1	GPL85	GSE952	"CEL;CHP;EXP"	"ftp://ftp.ncbi.nlm.nih.gov/geo/samples/GSM15nnn/GSM15175/suppl"		"John R Walker"	"Jan 27, 2004"
GSM15177	"amygdala wistar 3720"	"RNA"	"Rattus norvegicus"	1	GPL85	GSE952	"CEL;CHP;EXP"	"ftp://ftp.ncbi.nlm.nih.gov/geo/samples/GSM15nnn/GSM15177/suppl"		"John R Walker"	"Jan 27, 2004"
GSM15176	"amygdala wistar 3721"	"RNA"	"Rattus norvegicus"	1	GPL85	GSE952	"CEL;CHP;EXP"	"ftp://ftp.ncbi.nlm.nih.gov/geo/samples/GSM15nnn/GSM15176/suppl"		"John R Walker"	"Jan 27, 2004"
GSM15121	"amygdala wistar 3722"	"RNA"	"Rattus norvegicus"	1	GPL85	GSE952	"CEL;CHP;EXP"	"ftp://ftp.ncbi.nlm.nih.gov/geo/samples/GSM15nnn/GSM15121/suppl"		"John R Walker"	"Jan 27, 2004"
GSM15122	"amygdala wistar 3723"	"RNA"	"Rattus norvegicus"	1	GPL85	GSE952	"CEL;CHP;EXP"	"ftp://ftp.ncbi.nlm.nih.gov/geo/samples/GSM15nnn/GSM15122/suppl"		"John R Walker"	"Jan 27, 2004"
GSM15123	"amygdala wistar 3724"	"RNA"	"Rattus norvegicus"	1	GPL85	GSE952	"CEL;CHP;EXP"	"ftp://ftp.ncbi.nlm.nih.gov/geo/samples/GSM15nnn/GSM15123/suppl"		"John R Walker"	"Jan 27, 2004"
GSM15124	"amygdala wistar 3942"	"RNA"	"Rattus norvegicus"	1	GPL85	GSE952	"CEL;CHP;EXP"	"ftp://ftp.ncbi.nlm.nih.gov/geo/samples/GSM15nnn/GSM15124/suppl"		"John R Walker"	"Jan 27, 2004"
GSM15221	"amygdala, central nucleus sprague1"	"RNA"	"Rattus norvegicus"	1	GPL85	GSE952	"CEL;CHP;EXP"	"ftp://ftp.ncbi.nlm.nih.gov/geo/samples/GSM15nnn/GSM15221/suppl"		"John R Walker"	"Jan 27, 2004"
GSM15222	"amygdala, central nucleus sprague2"	"RNA"	"Rattus norvegicus"	1	GPL85	GSE952	"CEL;CHP;EXP"	"ftp://ftp.ncbi.nlm.nih.gov/geo/samples/GSM15nnn/GSM15222/suppl"		"John R Walker"	"Jan 27, 2004"
GSM15205	"bone marrow sprague1"	"RNA"	"Rattus norvegicus"	1	GPL85	GSE952	"CEL;CHP;EXP"	"ftp://ftp.ncbi.nlm.nih.gov/geo/samples/GSM15nnn/GSM15205/suppl"		"John R Walker"	"Jan 27, 2004"
GSM15206	"bone marrow sprague2"	"RNA"	"Rattus norvegicus"	1	GPL85	GSE952	"CEL;CHP;EXP"	"ftp://ftp.ncbi.nlm.nih.gov/geo/samples/GSM15nnn/GSM15206/suppl"		"John R Walker"	"Jan 27, 2004"
GSM15138	"cerebellum sprague 3896"	"RNA"	"Rattus norvegicus"	1	GPL85	GSE952	"CEL;CHP;EXP"	"ftp://ftp.ncbi.nlm.nih.gov/geo/samples/GSM15nnn/GSM15138/suppl"		"John R Walker"	"Jan 27, 2004"
GSM15139	"cerebellum sprague 3897"	"RNA"	"Rattus norvegicus"	1	GPL85	GSE952	"CEL;CHP;EXP"	"ftp://ftp.ncbi.nlm.nih.gov/geo/samples/GSM15nnn/GSM15139/suppl"		"John R Walker"	"Jan 27, 2004"
GSM15140	"cerebellum sprague 3898"	"RNA"	"Rattus norvegicus"	1	GPL85	GSE952	"CEL;CHP;EXP"	"ftp://ftp.ncbi.nlm.nih.gov/geo/samples/GSM15nnn/GSM15140/suppl"		"John R Walker"	"Jan 27, 2004"
GSM15141	"cerebellum sprague 3899"	"RNA"	"Rattus norvegicus"	1	GPL85	GSE952	"CEL;CHP;EXP"	"ftp://ftp.ncbi.nlm.nih.gov/geo/samples/GSM15nnn/GSM15141/suppl"		"John R Walker"	"Jan 27, 2004"
GSM15142	"cerebellum sprague 3900"	"RNA"	"Rattus norvegicus"	1	GPL85	GSE952	"CEL;CHP;EXP"	"ftp://ftp.ncbi.nlm.nih.gov/geo/samples/GSM15nnn/GSM15142/suppl"		"John R Walker"	"Jan 27, 2004"
GSM15143	"cerebellum sprague 3901"	"RNA"	"Rattus norvegicus"	1	GPL85	GSE952	"CEL;CHP;EXP"	"ftp://ftp.ncbi.nlm.nih.gov/geo/samples/GSM15nnn/GSM15143/suppl"		"John R Walker"	"Jan 27, 2004"
GSM15133	"cerebellum wistar ky 3890"	"RNA"	"Rattus norvegicus"	1	GPL85	GSE952	"CEL;CHP;EXP"	"ftp://ftp.ncbi.nlm.nih.gov/geo/samples/GSM15nnn/GSM15133/suppl"		"John R Walker"	"Jan 27, 2004"
GSM15134	"cerebellum wistar ky 3891"	"RNA"	"Rattus norvegicus"	1	GPL85	GSE952	"CEL;CHP;EXP"	"ftp://ftp.ncbi.nlm.nih.gov/geo/samples/GSM15nnn/GSM15134/suppl"		"John R Walker"	"Jan 27, 2004"
GSM15135	"cerebellum wistar ky 3892"	"RNA"	"Rattus norvegicus"	1	GPL85	GSE952	"CEL;CHP;EXP"	"ftp://ftp.ncbi.nlm.nih.gov/geo/samples/GSM15nnn/GSM15135/suppl"		"John R Walker"	"Jan 27, 2004"
GSM15136	"cerebellum wistar ky 3893"	"RNA"	"Rattus norvegicus"	1	GPL85	GSE952	"CEL;CHP;EXP"	"ftp://ftp.ncbi.nlm.nih.gov/geo/samples/GSM15nnn/GSM15136/suppl"		"John R Walker"	"Jan 27, 2004"
GSM15137	"cerebellum wistar ky 3894"	"RNA"	"Rattus norvegicus"	1	GPL85	GSE952	"CEL;CHP;EXP"	"ftp://ftp.ncbi.nlm.nih.gov/geo/samples/GSM15nnn/GSM15137/suppl"		"John R Walker"	"Jan 27, 2004"
GSM15127	"cerebellum wistar 3884"	"RNA"	"Rattus norvegicus"	1	GPL85	GSE952	"CEL;CHP;EXP"	"ftp://ftp.ncbi.nlm.nih.gov/geo/samples/GSM15nnn/GSM15127/suppl"		"John R Walker"	"Jan 27, 2004"
GSM15128	"cerebellum wistar 3885"	"RNA"	"Rattus norvegicus"	1	GPL85	GSE952	"CEL;CHP;EXP"	"ftp://ftp.ncbi.nlm.nih.gov/geo/samples/GSM15nnn/GSM15128/suppl"		"John R Walker"	"Jan 27, 2004"
GSM15129	"cerebellum wistar 3886"	"RNA"	"Rattus norvegicus"	1	GPL85	GSE952	"CEL;CHP;EXP"	"ftp://ftp.ncbi.nlm.nih.gov/geo/samples/GSM15nnn/GSM15129/suppl"		"John R Walker"	"Jan 27, 2004"
GSM15130	"cerebellum wistar 3887"	"RNA"	"Rattus norvegicus"	1	GPL85	GSE952	"CEL;CHP;EXP"	"ftp://ftp.ncbi.nlm.nih.gov/geo/samples/GSM15nnn/GSM15130/suppl"		"John R Walker"	"Jan 27, 2004"
GSM15131	"cerebellum wistar 3888"	"RNA"	"Rattus norvegicus"	1	GPL85	GSE952	"CEL;CHP;EXP"	"ftp://ftp.ncbi.nlm.nih.gov/geo/samples/GSM15nnn/GSM15131/suppl"		"John R Walker"	"Jan 27, 2004"
GSM15132	"cerebellum wistar 3889"	"RNA"	"Rattus norvegicus"	1	GPL85	GSE952	"CEL;CHP;EXP"	"ftp://ftp.ncbi.nlm.nih.gov/geo/samples/GSM15nnn/GSM15132/suppl"		"John R Walker"	"Jan 27, 2004"
GSM15151	"cerebral cortex sprague 3914"	"RNA"	"Rattus norvegicus"	1	GPL85	GSE952	"CEL;CHP;EXP"	"ftp://ftp.ncbi.nlm.nih.gov/geo/samples/GSM15nnn/GSM15151/suppl"		"John R Walker"	"Jan 27, 2004"
GSM15152	"cerebral cortex sprague 3915"	"RNA"	"Rattus norvegicus"	1	GPL85	GSE952	"CEL;CHP;EXP"	"ftp://ftp.ncbi.nlm.nih.gov/geo/samples/GSM15nnn/GSM15152/suppl"		"John R Walker"	"Jan 27, 2004"
GSM15153	"cerebral cortex sprague 3916"	"RNA"	"Rattus norvegicus"	1	GPL85	GSE952	"CEL;CHP;EXP"	"ftp://ftp.ncbi.nlm.nih.gov/geo/samples/GSM15nnn/GSM15153/suppl"		"John R Walker"	"Jan 27, 2004"
GSM15154	"cerebral cortex sprague 3917"	"RNA"	"Rattus norvegicus"	1	GPL85	GSE952	"CEL;CHP;EXP"	"ftp://ftp.ncbi.nlm.nih.gov/geo/samples/GSM15nnn/GSM15154/suppl"		"John R Walker"	"Jan 27, 2004"
GSM15155	"cerebral cortex sprague 3918"	"RNA"	"Rattus norvegicus"	1	GPL85	GSE952	"CEL;CHP;EXP"	"ftp://ftp.ncbi.nlm.nih.gov/geo/samples/GSM15nnn/GSM15155/suppl"		"John R Walker"	"Jan 27, 2004"
GSM15156	"cerebral cortex sprague 3919"	"RNA"	"Rattus norvegicus"	1	GPL85	GSE952	"CEL;CHP;EXP"	"ftp://ftp.ncbi.nlm.nih.gov/geo/samples/GSM15nnn/GSM15156/suppl"		"John R Walker"	"Jan 27, 2004"
GSM15147	"cerebral cortex wistar ky 3910"	"RNA"	"Rattus norvegicus"	1	GPL85	GSE952	"CEL;CHP;EXP"	"ftp://ftp.ncbi.nlm.nih.gov/geo/samples/GSM15nnn/GSM15147/suppl"		"John R Walker"	"Jan 27, 2004"
GSM15148	"cerebral cortex wistar ky 3911"	"RNA"	"Rattus norvegicus"	1	GPL85	GSE952	"CEL;CHP;EXP"	"ftp://ftp.ncbi.nlm.nih.gov/geo/samples/GSM15nnn/GSM15148/suppl"		"John R Walker"	"Jan 27, 2004"
GSM15149	"cerebral cortex wistar ky 3912"	"RNA"	"Rattus norvegicus"	1	GPL85	GSE952	"CEL;CHP;EXP"	"ftp://ftp.ncbi.nlm.nih.gov/geo/samples/GSM15nnn/GSM15149/suppl"		"John R Walker"	"Jan 27, 2004"
GSM15150	"cerebral cortex wistar ky 3913"	"RNA"	"Rattus norvegicus"	1	GPL85	GSE952	"CEL;CHP;EXP"	"ftp://ftp.ncbi.nlm.nih.gov/geo/samples/GSM15nnn/GSM15150/suppl"		"John R Walker"	"Jan 27, 2004"
GSM15144	"cerebral cortex wistar 3902"	"RNA"	"Rattus norvegicus"	1	GPL85	GSE952	"CEL;CHP;EXP"	"ftp://ftp.ncbi.nlm.nih.gov/geo/samples/GSM15nnn/GSM15144/suppl"		"John R Walker"	"Jan 27, 2004"
GSM15145	"cerebral cortex wistar 3903"	"RNA"	"Rattus norvegicus"	1	GPL85	GSE952	"CEL;CHP;EXP"	"ftp://ftp.ncbi.nlm.nih.gov/geo/samples/GSM15nnn/GSM15145/suppl"		"John R Walker"	"Jan 27, 2004"
GSM15146	"cerebral cortex wistar 3904"	"RNA"	"Rattus norvegicus"	1	GPL85	GSE952	"CEL;CHP;EXP"	"ftp://ftp.ncbi.nlm.nih.gov/geo/samples/GSM15nnn/GSM15146/suppl"		"John R Walker"	"Jan 27, 2004"
GSM15237	"cornea Sprague1"	"RNA"	"Rattus norvegicus"	1	GPL85	GSE952	"CEL;CHP;EXP"	"ftp://ftp.ncbi.nlm.nih.gov/geo/samples/GSM15nnn/GSM15237/suppl"		"John R Walker"	"Jan 27, 2004"
GSM15238	"cornea Sprague2"	"RNA"	"Rattus norvegicus"	1	GPL85	GSE952	"CEL;CHP;EXP"	"ftp://ftp.ncbi.nlm.nih.gov/geo/samples/GSM15nnn/GSM15238/suppl"		"John R Walker"	"Jan 27, 2004"
GSM15231	"dorsal raphe sprague1"	"RNA"	"Rattus norvegicus"	1	GPL85	GSE952	"CEL;CHP;EXP"	"ftp://ftp.ncbi.nlm.nih.gov/geo/samples/GSM15nnn/GSM15231/suppl"		"John R Walker"	"Jan 27, 2004"
GSM15232	"dorsal raphe sprague2"	"RNA"	"Rattus norvegicus"	1	GPL85	GSE952	"CEL;CHP;EXP"	"ftp://ftp.ncbi.nlm.nih.gov/geo/samples/GSM15nnn/GSM15232/suppl"		"John R Walker"	"Jan 27, 2004"
GSM15187	"dorsal root ganglion fisher1"	"RNA"	"Rattus norvegicus"	1	GPL85	GSE952	"CEL;CHP;EXP"	"ftp://ftp.ncbi.nlm.nih.gov/geo/samples/GSM15nnn/GSM15187/suppl"		"John R Walker"	"Jan 27, 2004"
GSM15188	"dorsal root ganglion fisher2"	"RNA"	"Rattus norvegicus"	1	GPL85	GSE952	"CEL;CHP;EXP"	"ftp://ftp.ncbi.nlm.nih.gov/geo/samples/GSM15nnn/GSM15188/suppl"		"John R Walker"	"Jan 27, 2004"
GSM15186	"dorsal striatum wistar ky 3970"	"RNA"	"Rattus norvegicus"	1	GPL85	GSE952	"CEL;CHP;EXP"	"ftp://ftp.ncbi.nlm.nih.gov/geo/samples/GSM15nnn/GSM15186/suppl"		"John R Walker"	"Jan 27, 2004"
GSM15189	"dorsal striatum wistar ky 3972"	"RNA"	"Rattus norvegicus"	1	GPL85	GSE952	"CEL;CHP;EXP"	"ftp://ftp.ncbi.nlm.nih.gov/geo/samples/GSM15nnn/GSM15189/suppl"		"John R Walker"	"Jan 27, 2004"
GSM15190	"dorsal striatum wistar 3966"	"RNA"	"Rattus norvegicus"	1	GPL85	GSE952	"CEL;CHP;EXP"	"ftp://ftp.ncbi.nlm.nih.gov/geo/samples/GSM15nnn/GSM15190/suppl"		"John R Walker"	"Jan 27, 2004"
GSM15223	"dorsal striatum sprague 3978"	"RNA"	"Rattus norvegicus"	1	GPL85	GSE952	"CEL;CHP;EXP"	"ftp://ftp.ncbi.nlm.nih.gov/geo/samples/GSM15nnn/GSM15223/suppl"		"John R Walker"	"Jan 27, 2004"
GSM15224	"dorsal striatum sprague 3981"	"RNA"	"Rattus norvegicus"	1	GPL85	GSE952	"CEL;CHP;EXP"	"ftp://ftp.ncbi.nlm.nih.gov/geo/samples/GSM15nnn/GSM15224/suppl"		"John R Walker"	"Jan 27, 2004"
GSM15217	"endothelial cells sprague1"	"RNA"	"Rattus norvegicus"	1	GPL85	GSE952	"CEL;CHP;EXP"	"ftp://ftp.ncbi.nlm.nih.gov/geo/samples/GSM15nnn/GSM15217/suppl"		"John R Walker"	"Jan 27, 2004"
GSM15218	"endothelial cells sprague2"	"RNA"	"Rattus norvegicus"	1	GPL85	GSE952	"CEL;CHP;EXP"	"ftp://ftp.ncbi.nlm.nih.gov/geo/samples/GSM15nnn/GSM15218/suppl"		"John R Walker"	"Jan 27, 2004"
GSM15169	"frontal cortex sprague 3932"	"RNA"	"Rattus norvegicus"	1	GPL85	GSE952	"CEL;CHP;EXP"	"ftp://ftp.ncbi.nlm.nih.gov/geo/samples/GSM15nnn/GSM15169/suppl"		"John R Walker"	"Jan 27, 2004"
GSM15170	"frontal cortex sprague 3933"	"RNA"	"Rattus norvegicus"	1	GPL85	GSE952	"CEL;CHP;EXP"	"ftp://ftp.ncbi.nlm.nih.gov/geo/samples/GSM15nnn/GSM15170/suppl"		"John R Walker"	"Jan 27, 2004"
GSM15171	"frontal cortex sprague 3934"	"RNA"	"Rattus norvegicus"	1	GPL85	GSE952	"CEL;CHP;EXP"	"ftp://ftp.ncbi.nlm.nih.gov/geo/samples/GSM15nnn/GSM15171/suppl"		"John R Walker"	"Jan 27, 2004"
GSM15172	"frontal cortex sprague 3935"	"RNA"	"Rattus norvegicus"	1	GPL85	GSE952	"CEL;CHP;EXP"	"ftp://ftp.ncbi.nlm.nih.gov/geo/samples/GSM15nnn/GSM15172/suppl"		"John R Walker"	"Jan 27, 2004"
GSM15173	"frontal cortex sprague 3936"	"RNA"	"Rattus norvegicus"	1	GPL85	GSE952	"CEL;CHP;EXP"	"ftp://ftp.ncbi.nlm.nih.gov/geo/samples/GSM15nnn/GSM15173/suppl"		"John R Walker"	"Jan 27, 2004"
GSM15174	"frontal cortex sprague 3937"	"RNA"	"Rattus norvegicus"	1	GPL85	GSE952	"CEL;CHP;EXP"	"ftp://ftp.ncbi.nlm.nih.gov/geo/samples/GSM15nnn/GSM15174/suppl"		"John R Walker"	"Jan 27, 2004"
GSM15163	"frontal cortex wistar ky 3926"	"RNA"	"Rattus norvegicus"	1	GPL85	GSE952	"CEL;CHP;EXP"	"ftp://ftp.ncbi.nlm.nih.gov/geo/samples/GSM15nnn/GSM15163/suppl"		"John R Walker"	"Jan 27, 2004"
GSM15164	"frontal cortex wistar ky 3927"	"RNA"	"Rattus norvegicus"	1	GPL85	GSE952	"CEL;CHP;EXP"	"ftp://ftp.ncbi.nlm.nih.gov/geo/samples/GSM15nnn/GSM15164/suppl"		"John R Walker"	"Jan 27, 2004"
GSM15165	"frontal cortex wistar ky 3928"	"RNA"	"Rattus norvegicus"	1	GPL85	GSE952	"CEL;CHP;EXP"	"ftp://ftp.ncbi.nlm.nih.gov/geo/samples/GSM15nnn/GSM15165/suppl"		"John R Walker"	"Jan 27, 2004"
GSM15166	"frontal cortex wistar ky 3929"	"RNA"	"Rattus norvegicus"	1	GPL85	GSE952	"CEL;CHP;EXP"	"ftp://ftp.ncbi.nlm.nih.gov/geo/samples/GSM15nnn/GSM15166/suppl"		"John R Walker"	"Jan 27, 2004"
GSM15167	"frontal cortex wistar ky 3930"	"RNA"	"Rattus norvegicus"	1	GPL85	GSE952	"CEL;CHP;EXP"	"ftp://ftp.ncbi.nlm.nih.gov/geo/samples/GSM15nnn/GSM15167/suppl"		"John R Walker"	"Jan 27, 2004"
GSM15168	"frontal cortex wistar ky 3931"	"RNA"	"Rattus norvegicus"	1	GPL85	GSE952	"CEL;CHP;EXP"	"ftp://ftp.ncbi.nlm.nih.gov/geo/samples/GSM15nnn/GSM15168/suppl"		"John R Walker"	"Jan 27, 2004"
GSM15117	"frontal cortex wistar 3658"	"RNA"	"Rattus norvegicus"	1	GPL85	GSE952	"CEL;CHP;EXP"	"ftp://ftp.ncbi.nlm.nih.gov/geo/samples/GSM15nnn/GSM15117/suppl"		"John R Walker"	"Jan 27, 2004"
GSM15118	"frontal cortex wistar 3659"	"RNA"	"Rattus norvegicus"	1	GPL85	GSE952	"CEL;CHP;EXP"	"ftp://ftp.ncbi.nlm.nih.gov/geo/samples/GSM15nnn/GSM15118/suppl"		"John R Walker"	"Jan 27, 2004"
GSM15119	"frontal cortex wistar 3660"	"RNA"	"Rattus norvegicus"	1	GPL85	GSE952	"CEL;CHP;EXP"	"ftp://ftp.ncbi.nlm.nih.gov/geo/samples/GSM15nnn/GSM15119/suppl"		"John R Walker"	"Jan 27, 2004"
GSM15120	"frontal cortex wistar 3662"	"RNA"	"Rattus norvegicus"	1	GPL85	GSE952	"CEL;CHP;EXP"	"ftp://ftp.ncbi.nlm.nih.gov/geo/samples/GSM15nnn/GSM15120/suppl"		"John R Walker"	"Jan 27, 2004"
GSM15157	"frontal cortex wistar 3920"	"RNA"	"Rattus norvegicus"	1	GPL85	GSE952	"CEL;CHP;EXP"	"ftp://ftp.ncbi.nlm.nih.gov/geo/samples/GSM15nnn/GSM15157/suppl"		"John R Walker"	"Jan 27, 2004"
GSM15158	"frontal cortex wistar 3921"	"RNA"	"Rattus norvegicus"	1	GPL85	GSE952	"CEL;CHP;EXP"	"ftp://ftp.ncbi.nlm.nih.gov/geo/samples/GSM15nnn/GSM15158/suppl"		"John R Walker"	"Jan 27, 2004"
GSM15159	"frontal cortex wistar 3922"	"RNA"	"Rattus norvegicus"	1	GPL85	GSE952	"CEL;CHP;EXP"	"ftp://ftp.ncbi.nlm.nih.gov/geo/samples/GSM15nnn/GSM15159/suppl"		"John R Walker"	"Jan 27, 2004"
GSM15160	"frontal cortex wistar 3923"	"RNA"	"Rattus norvegicus"	1	GPL85	GSE952	"CEL;CHP;EXP"	"ftp://ftp.ncbi.nlm.nih.gov/geo/samples/GSM15nnn/GSM15160/suppl"		"John R Walker"	"Jan 27, 2004"
GSM15161	"frontal cortex wistar 3924"	"RNA"	"Rattus norvegicus"	1	GPL85	GSE952	"CEL;CHP;EXP"	"ftp://ftp.ncbi.nlm.nih.gov/geo/samples/GSM15nnn/GSM15161/suppl"		"John R Walker"	"Jan 27, 2004"
GSM15162	"frontal cortex wistar 3925"	"RNA"	"Rattus norvegicus"	1	GPL85	GSE952	"CEL;CHP;EXP"	"ftp://ftp.ncbi.nlm.nih.gov/geo/samples/GSM15nnn/GSM15162/suppl"		"John R Walker"	"Jan 27, 2004"
GSM15209	"heart sprague1"	"RNA"	"Rattus norvegicus"	1	GPL85	GSE952	"CEL;CHP;EXP"	"ftp://ftp.ncbi.nlm.nih.gov/geo/samples/GSM15nnn/GSM15209/suppl"		"John R Walker"	"Jan 27, 2004"
GSM15210	"heart sprague2"	"RNA"	"Rattus norvegicus"	1	GPL85	GSE952	"CEL;CHP;EXP"	"ftp://ftp.ncbi.nlm.nih.gov/geo/samples/GSM15nnn/GSM15210/suppl"		"John R Walker"	"Jan 27, 2004"
GSM15179	"hippocampus sprague 3957"	"RNA"	"Rattus norvegicus"	1	GPL85	GSE952	"CEL;CHP;EXP"	"ftp://ftp.ncbi.nlm.nih.gov/geo/samples/GSM15nnn/GSM15179/suppl"		"John R Walker"	"Jan 27, 2004"
GSM15178	"hippocampus wistar ky 3956"	"RNA"	"Rattus norvegicus"	1	GPL85	GSE952	"CEL;CHP;EXP"	"ftp://ftp.ncbi.nlm.nih.gov/geo/samples/GSM15nnn/GSM15178/suppl"		"John R Walker"	"Jan 27, 2004"
GSM15126	"hippocampus wistar 3772"	"RNA"	"Rattus norvegicus"	1	GPL85	GSE952	"CEL;CHP;EXP"	"ftp://ftp.ncbi.nlm.nih.gov/geo/samples/GSM15nnn/GSM15126/suppl"		"John R Walker"	"Jan 27, 2004"
GSM15233	"hypothalamus sprague1"	"RNA"	"Rattus norvegicus"	1	GPL85	GSE952	"CEL;CHP;EXP"	"ftp://ftp.ncbi.nlm.nih.gov/geo/samples/GSM15nnn/GSM15233/suppl"		"John R Walker"	"Jan 27, 2004"
GSM15234	"hypothalamus sprague2"	"RNA"	"Rattus norvegicus"	1	GPL85	GSE952	"CEL;CHP;EXP"	"ftp://ftp.ncbi.nlm.nih.gov/geo/samples/GSM15nnn/GSM15234/suppl"		"John R Walker"	"Jan 27, 2004"
GSM15207	"kidney sprague1"	"RNA"	"Rattus norvegicus"	1	GPL85	GSE952	"CEL;CHP;EXP"	"ftp://ftp.ncbi.nlm.nih.gov/geo/samples/GSM15nnn/GSM15207/suppl"		"John R Walker"	"Jan 27, 2004"
GSM15208	"kidney sprague2"	"RNA"	"Rattus norvegicus"	1	GPL85	GSE952	"CEL;CHP;EXP"	"ftp://ftp.ncbi.nlm.nih.gov/geo/samples/GSM15nnn/GSM15208/suppl"		"John R Walker"	"Jan 27, 2004"
GSM15211	"large intestine sprague1"	"RNA"	"Rattus norvegicus"	1	GPL85	GSE952	"CEL;CHP;EXP"	"ftp://ftp.ncbi.nlm.nih.gov/geo/samples/GSM15nnn/GSM15211/suppl"		"John R Walker"	"Jan 27, 2004"
GSM15212	"large intestine sprague2"	"RNA"	"Rattus norvegicus"	1	GPL85	GSE952	"CEL;CHP;EXP"	"ftp://ftp.ncbi.nlm.nih.gov/geo/samples/GSM15nnn/GSM15212/suppl"		"John R Walker"	"Jan 27, 2004"
GSM15227	"locus coeruleus sprague1"	"RNA"	"Rattus norvegicus"	1	GPL85	GSE952	"CEL;CHP;EXP"	"ftp://ftp.ncbi.nlm.nih.gov/geo/samples/GSM15nnn/GSM15227/suppl"		"John R Walker"	"Jan 27, 2004"
GSM15228	"locus coeruleus sprague2"	"RNA"	"Rattus norvegicus"	1	GPL85	GSE952	"CEL;CHP;EXP"	"ftp://ftp.ncbi.nlm.nih.gov/geo/samples/GSM15nnn/GSM15228/suppl"		"John R Walker"	"Jan 27, 2004"
GSM15197	"nucleus accumbens, whole wistar1"	"RNA"	"Rattus norvegicus"	1	GPL85	GSE952	"CEL;CHP;EXP"	"ftp://ftp.ncbi.nlm.nih.gov/geo/samples/GSM15nnn/GSM15197/suppl"		"John R Walker"	"Jan 27, 2004"
GSM15198	"nucleus accumbens, whole wistar2"	"RNA"	"Rattus norvegicus"	1	GPL85	GSE952	"CEL;CHP;EXP"	"ftp://ftp.ncbi.nlm.nih.gov/geo/samples/GSM15nnn/GSM15198/suppl"		"John R Walker"	"Jan 27, 2004"
GSM15199	"nucleus accumbens_core sprague1"	"RNA"	"Rattus norvegicus"	1	GPL85	GSE952	"CEL;CHP;EXP"	"ftp://ftp.ncbi.nlm.nih.gov/geo/samples/GSM15nnn/GSM15199/suppl"		"John R Walker"	"Jan 27, 2004"
GSM15200	"nucleus accumbens_core sprague2"	"RNA"	"Rattus norvegicus"	1	GPL85	GSE952	"CEL;CHP;EXP"	"ftp://ftp.ncbi.nlm.nih.gov/geo/samples/GSM15nnn/GSM15200/suppl"		"John R Walker"	"Jan 27, 2004"
GSM15225	"nucleus accumbens_shell sprague1"	"RNA"	"Rattus norvegicus"	1	GPL85	GSE952	"CEL;CHP;EXP"	"ftp://ftp.ncbi.nlm.nih.gov/geo/samples/GSM15nnn/GSM15225/suppl"		"John R Walker"	"Jan 27, 2004"
GSM15226	"nucleus accumbens_shell sprague2"	"RNA"	"Rattus norvegicus"	1	GPL85	GSE952	"CEL;CHP;EXP"	"ftp://ftp.ncbi.nlm.nih.gov/geo/samples/GSM15nnn/GSM15226/suppl"		"John R Walker"	"Jan 27, 2004"
GSM15193	"pineal sprague1"	"RNA"	"Rattus norvegicus"	1	GPL85	GSE952	"CEL;CHP;EXP"	"ftp://ftp.ncbi.nlm.nih.gov/geo/samples/GSM15nnn/GSM15193/suppl"		"John R Walker"	"Jan 27, 2004"
GSM15194	"pineal sprague2"	"RNA"	"Rattus norvegicus"	1	GPL85	GSE952	"CEL;CHP;EXP"	"ftp://ftp.ncbi.nlm.nih.gov/geo/samples/GSM15nnn/GSM15194/suppl"		"John R Walker"	"Jan 27, 2004"
GSM15195	"pituitary sprague1"	"RNA"	"Rattus norvegicus"	1	GPL85	GSE952	"CEL;CHP;EXP"	"ftp://ftp.ncbi.nlm.nih.gov/geo/samples/GSM15nnn/GSM15195/suppl"		"John R Walker"	"Jan 27, 2004"
GSM15196	"pituitary sprague2"	"RNA"	"Rattus norvegicus"	1	GPL85	GSE952	"CEL;CHP;EXP"	"ftp://ftp.ncbi.nlm.nih.gov/geo/samples/GSM15nnn/GSM15196/suppl"		"John R Walker"	"Jan 27, 2004"
GSM15229	"prefrontal cortex sprague1"	"RNA"	"Rattus norvegicus"	1	GPL85	GSE952	"CEL;CHP;EXP"	"ftp://ftp.ncbi.nlm.nih.gov/geo/samples/GSM15nnn/GSM15229/suppl"		"John R Walker"	"Jan 27, 2004"
GSM15230	"prefrontal cortex sprague2"	"RNA"	"Rattus norvegicus"	1	GPL85	GSE952	"CEL;CHP;EXP"	"ftp://ftp.ncbi.nlm.nih.gov/geo/samples/GSM15nnn/GSM15230/suppl"		"John R Walker"	"Jan 27, 2004"
GSM15235	"primary cortical neurons sprague1"	"RNA"	"Rattus norvegicus"	1	GPL85	GSE952	"CEL;CHP;EXP"	"ftp://ftp.ncbi.nlm.nih.gov/geo/samples/GSM15nnn/GSM15235/suppl"		"John R Walker"	"Jan 27, 2004"
GSM15236	"primary cortical neurons sprague2"	"RNA"	"Rattus norvegicus"	1	GPL85	GSE952	"CEL;CHP;EXP"	"ftp://ftp.ncbi.nlm.nih.gov/geo/samples/GSM15nnn/GSM15236/suppl"		"John R Walker"	"Jan 27, 2004"
GSM15203	"skeletal muscle sprague1"	"RNA"	"Rattus norvegicus"	1	GPL85	GSE952	"CEL;CHP;EXP"	"ftp://ftp.ncbi.nlm.nih.gov/geo/samples/GSM15nnn/GSM15203/suppl"		"John R Walker"	"Jan 27, 2004"
GSM15204	"skeletal muscle sprague2"	"RNA"	"Rattus norvegicus"	1	GPL85	GSE952	"CEL;CHP;EXP"	"ftp://ftp.ncbi.nlm.nih.gov/geo/samples/GSM15nnn/GSM15204/suppl"		"John R Walker"	"Jan 27, 2004"
GSM15201	"small intestine sprague1"	"RNA"	"Rattus norvegicus"	1	GPL85	GSE952	"CEL;CHP;EXP"	"ftp://ftp.ncbi.nlm.nih.gov/geo/samples/GSM15nnn/GSM15201/suppl"		"John R Walker"	"Jan 27, 2004"
GSM15202	"small intestine sprague2"	"RNA"	"Rattus norvegicus"	1	GPL85	GSE952	"CEL;CHP;EXP"	"ftp://ftp.ncbi.nlm.nih.gov/geo/samples/GSM15nnn/GSM15202/suppl"		"John R Walker"	"Jan 27, 2004"
GSM15213	"spleen sprague1"	"RNA"	"Rattus norvegicus"	1	GPL85	GSE952	"CEL;CHP;EXP"	"ftp://ftp.ncbi.nlm.nih.gov/geo/samples/GSM15nnn/GSM15213/suppl"		"John R Walker"	"Jan 27, 2004"
GSM15214	"spleen sprague2"	"RNA"	"Rattus norvegicus"	1	GPL85	GSE952	"CEL;CHP;EXP"	"ftp://ftp.ncbi.nlm.nih.gov/geo/samples/GSM15nnn/GSM15214/suppl"		"John R Walker"	"Jan 27, 2004"
GSM15215	"thymus sprague1"	"RNA"	"Rattus norvegicus"	1	GPL85	GSE952	"CEL;CHP;EXP"	"ftp://ftp.ncbi.nlm.nih.gov/geo/samples/GSM15nnn/GSM15215/suppl"		"John R Walker"	"Jan 27, 2004"
GSM15216	"thymus sprague2"	"RNA"	"Rattus norvegicus"	1	GPL85	GSE952	"CEL;CHP;EXP"	"ftp://ftp.ncbi.nlm.nih.gov/geo/samples/GSM15nnn/GSM15216/suppl"		"John R Walker"	"Jan 27, 2004"
GSM15183	"ventral striatum sprague 3961"	"RNA"	"Rattus norvegicus"	1	GPL85	GSE952	"CEL;CHP;EXP"	"ftp://ftp.ncbi.nlm.nih.gov/geo/samples/GSM15nnn/GSM15183/suppl"		"John R Walker"	"Jan 27, 2004"
GSM15184	"ventral striatum sprague 3962"	"RNA"	"Rattus norvegicus"	1	GPL85	GSE952	"CEL;CHP;EXP"	"ftp://ftp.ncbi.nlm.nih.gov/geo/samples/GSM15nnn/GSM15184/suppl"		"John R Walker"	"Jan 27, 2004"
GSM15185	"ventral striatum sprague 3963"	"RNA"	"Rattus norvegicus"	1	GPL85	GSE952	"CEL;CHP;EXP"	"ftp://ftp.ncbi.nlm.nih.gov/geo/samples/GSM15nnn/GSM15185/suppl"		"John R Walker"	"Jan 27, 2004"
GSM15181	"ventral striatum wistar ky 3959"	"RNA"	"Rattus norvegicus"	1	GPL85	GSE952	"CEL;CHP;EXP"	"ftp://ftp.ncbi.nlm.nih.gov/geo/samples/GSM15nnn/GSM15181/suppl"		"John R Walker"	"Jan 27, 2004"
GSM15182	"ventral striatum wistar ky 3960"	"RNA"	"Rattus norvegicus"	1	GPL85	GSE952	"CEL;CHP;EXP"	"ftp://ftp.ncbi.nlm.nih.gov/geo/samples/GSM15nnn/GSM15182/suppl"		"John R Walker"	"Jan 27, 2004"
GSM15180	"ventral striatum wistar 3958"	"RNA"	"Rattus norvegicus"	1	GPL85	GSE952	"CEL;CHP;EXP"	"ftp://ftp.ncbi.nlm.nih.gov/geo/samples/GSM15nnn/GSM15180/suppl"		"John R Walker"	"Jan 27, 2004"
GSM15191	"ventral striatum wistar 4026"	"RNA"	"Rattus norvegicus"	1	GPL85	GSE952	"CEL;CHP;EXP"	"ftp://ftp.ncbi.nlm.nih.gov/geo/samples/GSM15nnn/GSM15191/suppl"		"John R Walker"	"Jan 27, 2004"
GSM15192	"ventral striatum wistar 4028"	"RNA"	"Rattus norvegicus"	1	GPL85	GSE952	"CEL;CHP;EXP"	"ftp://ftp.ncbi.nlm.nih.gov/geo/samples/GSM15nnn/GSM15192/suppl"		"John R Walker"	"Jan 27, 2004"
GSM15219	"ventral tegmental area sprague1"	"RNA"	"Rattus norvegicus"	1	GPL85	GSE952	"CEL;CHP;EXP"	"ftp://ftp.ncbi.nlm.nih.gov/geo/samples/GSM15nnn/GSM15219/suppl"		"John R Walker"	"Jan 27, 2004"
GSM15220	"ventral tegmental area sprague2"	"RNA"	"Rattus norvegicus"	1	GPL85	GSE952	"CEL;CHP;EXP"	"ftp://ftp.ncbi.nlm.nih.gov/geo/samples/GSM15nnn/GSM15220/suppl"		"John R Walker"	"Jan 27, 2004"
