#GSE10246 GNF Mouse GeneAtlas V3					
Description (RefEx refined)	Japanese	10 groups	40 groups	GSM_#1	GSM_#2
amygdala	扁桃	1	1	GSM258617	GSM258618
cerebral_cortex	大脳皮質	1	1	GSM258635	GSM258636
cerebral_cortex_prefrontal	大脳皮質 前頭葉前部	1	1	GSM258637	GSM258638
dorsal_striatum	背側線条体、線条体背側部	1	1	GSM258653	GSM258654
hippocampus	海馬、海馬状隆起	1	1	GSM258671	GSM258672
hypothalamus	視床下部	1	1	GSM258673	GSM258674
nucleus_accumbens	側坐核	1	1	GSM258733	GSM258734
olfactory_bulb	嗅球	1	1	GSM258735	GSM258736
cerebellum	小脳	1	2	GSM258633	GSM258634
dorsal_root_ganglia	後根神経節	1	6	GSM258651	GSM258652
spinal_cord	下部脊髄	1	7	GSM258765	GSM258766
retina	網膜	1	8	GSM258757	GSM258758
retinal_pigment_epithelium	網膜色素上皮(RPE)	1	8	GSM258759	GSM258760
ciliary_bodies	毛様体	1	9	GSM258639	GSM258640
cornea	（眼球の）角膜	1	9	GSM258643	GSM258644
iris	〔眼球の〕虹彩	1	9	GSM258679	GSM258680
lens	〔眼球の〕水晶体	1	9	GSM258685	GSM258686
umbilical_cord	へその緒、臍帯	2	11	GSM258787	GSM258788
lymph_nodes	リンパ節穿刺	2	12	GSM258691	GSM258692
spleen	脾臓	2	14	GSM258767	GSM258768
bone_marrow	骨髄	2	16	GSM258627	GSM258628
adipose_brown	脂肪組織 brown	3	17	GSM258611	GSM258612
adipose_white	脂肪組織 white	3	17	GSM258613	GSM258614
bone	骨質、骨組織	3	18	GSM258625	GSM258626
epidermis	表皮、上皮	3	19	GSM258659	GSM258660
uterus	子宮	4	20	GSM258789	GSM258790
placenta	胎盤	4	21	GSM258751	GSM258752
prostate	前立腺	4	22	GSM258753	GSM258754
ovary	卵巣	4	23	GSM258745	GSM258746
testis	睾丸	4	24	GSM258779	GSM258780
heart	心臓	5	25	GSM258669	GSM258670
skeletal_muscle	骨格筋	5	26	GSM258763	GSM258764
stomach	胃	6	28	GSM258771	GSM258772
intestine_large	大腸, 結腸	6	29	GSM258675	GSM258676
intestine_small	小腸	6	29	GSM258677	GSM258678
liver	肝臓	7	31	GSM258687	GSM258688
lung	肺	8	32	GSM258689	GSM258690
bladder	膀胱, 胆嚢, 浮袋, 水疱, 液嚢	9	33	GSM258623	GSM258624
kidney	腎臓	9	34	GSM258681	GSM258682
pituitary	下垂体	10	35	GSM258749	GSM258750
adrenal_gland	副腎	10	37	GSM258615	GSM258616
pancreas	膵臓	10	38	GSM258747	GSM258748
mammary_gland__lact	乳腺 (泌乳)	10	39	GSM258707	GSM258708
mammary_gland_non-lactating	乳腺 (non-泌乳)	10	39	GSM258709	GSM258710
salivary_gland	唾液腺	10	40	GSM258761	GSM258762