#GSE952 Transcriptome analysis in rat																									
Description (RefEx refined)	Japanese	10 groups	40 groups	GSM_#1	GSM_#2	GSM_#3	GSM_#4	GSM_#5	GSM_#6	GSM_#7	GSM_#8	GSM_#9	GSM_#10	GSM_#11	GSM_#12	GSM_#13	GSM_#14	GSM_#15	GSM_#16	GSM_#17	GSM_#18	GSM_#19	GSM_#20	GSM_#21	GSM_#22
amygdala	扁桃体	1	1	GSM15125	GSM15175	GSM15177	GSM15176	GSM15121	GSM15122	GSM15123	GSM15124														
amygdala, central nucleus	扁桃体中心角	1	1	GSM15221	GSM15222																				
cerebral cortex	大脳皮質	1	1	GSM15151	GSM15152	GSM15153	GSM15154	GSM15155	GSM15156	GSM15147	GSM15148	GSM15149	GSM15150	GSM15144	GSM15145	GSM15146									
dorsal striatum	背側線条体	1	1	GSM15186	GSM15189	GSM15190	GSM15223	GSM15224																	
frontal cortex	前頭葉皮質	1	1	GSM15169	GSM15170	GSM15171	GSM15172	GSM15173	GSM15174	GSM15163	GSM15164	GSM15165	GSM15166	GSM15167	GSM15168	GSM15117	GSM15118	GSM15119	GSM15120	GSM15157	GSM15158	GSM15159	GSM15160	GSM15161	GSM15162
hippocampus	海馬	1	1	GSM15179	GSM15178	GSM15126																			
hypothalamus	視床下部	1	1	GSM15233	GSM15234																				
nucleus accumbens_core	側坐核core	1	1	GSM15199	GSM15200																				
nucleus accumbens_shell	側坐核shell	1	1	GSM15225	GSM15226																				
nucleus accumbens, whole	側坐核	1	1	GSM15197	GSM15198																				
pineal	松果体	1	1	GSM15193	GSM15194																				
prefrontal cortex	前頭葉前部	1	1	GSM15229	GSM15230																				
ventral striatum	腹側線条体	1	1	GSM15183	GSM15184	GSM15185	GSM15181	GSM15182	GSM15180	GSM15191	GSM15192														
ventral tegmental area	腹側被蓋野	1	1	GSM15219	GSM15220																				
cerebellum	小脳	1	2	GSM15138	GSM15139	GSM15140	GSM15141	GSM15142	GSM15143	GSM15133	GSM15134	GSM15135	GSM15136	GSM15137	GSM15127	GSM15128	GSM15129	GSM15130	GSM15131	GSM15132					
dorsal raphe	背側縫線	1	3	GSM15231	GSM15232																				
locus coeruleus	青斑核	1	3	GSM15227	GSM15228																				
dorsal root ganglion	後根神経節	1	6	GSM15187	GSM15188																				
cornea	角膜	1	9	GSM15237	GSM15238																				
spleen	脾臓	2	14	GSM15213	GSM15214																				
thymus	胸腺	2	15	GSM15215	GSM15216																				
bone marrow	骨髄	2	16	GSM15205	GSM15206																				
heart	心臓	5	25	GSM15209	GSM15210																				
skeletal muscle	骨格筋	5	26	GSM15203	GSM15204																				
small intestine	小腸	6	29	GSM15201	GSM15202																				
large intestine	大腸	6	30	GSM15211	GSM15212																				
kidney	腎臓	9	34	GSM15207	GSM15208																				
pituitary	脳下垂体	10	35	GSM15195	GSM15196																				