Accession	Title	Sample Type	Taxonomy	Channels	Platform	Series	Supplementary Types	Supplementary Links	SRA Accession	Contact	Release Date
GSM258609	"3T3-L1_4MJW06120821"	"RNA"	"Mus musculus"	1	GPL1261	GSE10246	"CEL"	"ftp://ftp.ncbi.nlm.nih.gov/geo/samples/GSM258nnn/GSM258609/suppl"		"John R Walker"	"Apr 29, 2008"
GSM258610	"3T3-L1_4MJW06120822"	"RNA"	"Mus musculus"	1	GPL1261	GSE10246	"CEL"	"ftp://ftp.ncbi.nlm.nih.gov/geo/samples/GSM258nnn/GSM258610/suppl"		"John R Walker"	"Apr 29, 2008"
GSM258621	"B-cells_marginal_zone_4MJW06120889"	"RNA"	"Mus musculus"	1	GPL1261	GSE10246	"CEL"	"ftp://ftp.ncbi.nlm.nih.gov/geo/samples/GSM258nnn/GSM258621/suppl"		"John R Walker"	"Apr 29, 2008"
GSM258622	"B-cells_marginal_zone_4MJW06120890"	"RNA"	"Mus musculus"	1	GPL1261	GSE10246	"CEL"	"ftp://ftp.ncbi.nlm.nih.gov/geo/samples/GSM258nnn/GSM258622/suppl"		"John R Walker"	"Apr 29, 2008"
GSM258619	"Baf3_4MJW06120823"	"RNA"	"Mus musculus"	1	GPL1261	GSE10246	"CEL"	"ftp://ftp.ncbi.nlm.nih.gov/geo/samples/GSM258nnn/GSM258619/suppl"		"John R Walker"	"Apr 29, 2008"
GSM258620	"Baf3_4MJW06120824"	"RNA"	"Mus musculus"	1	GPL1261	GSE10246	"CEL"	"ftp://ftp.ncbi.nlm.nih.gov/geo/samples/GSM258nnn/GSM258620/suppl"		"John R Walker"	"Apr 29, 2008"
GSM258629	"C2C12_4MJW06120825"	"RNA"	"Mus musculus"	1	GPL1261	GSE10246	"CEL"	"ftp://ftp.ncbi.nlm.nih.gov/geo/samples/GSM258nnn/GSM258629/suppl"		"John R Walker"	"Apr 29, 2008"
GSM258630	"C2C12_4MJW06120826"	"RNA"	"Mus musculus"	1	GPL1261	GSE10246	"CEL"	"ftp://ftp.ncbi.nlm.nih.gov/geo/samples/GSM258nnn/GSM258630/suppl"		"John R Walker"	"Apr 29, 2008"
GSM258631	"C3H_10T1_2_4MJW06120827"	"RNA"	"Mus musculus"	1	GPL1261	GSE10246	"CEL"	"ftp://ftp.ncbi.nlm.nih.gov/geo/samples/GSM258nnn/GSM258631/suppl"		"John R Walker"	"Apr 29, 2008"
GSM258632	"C3H_10T1_2_4MJW06120828"	"RNA"	"Mus musculus"	1	GPL1261	GSE10246	"CEL"	"ftp://ftp.ncbi.nlm.nih.gov/geo/samples/GSM258nnn/GSM258632/suppl"		"John R Walker"	"Apr 29, 2008"
GSM258731	"NK_cells_4MJW06120881"	"RNA"	"Mus musculus"	1	GPL1261	GSE10246	"CEL"	"ftp://ftp.ncbi.nlm.nih.gov/geo/samples/GSM258nnn/GSM258731/suppl"		"John R Walker"	"Apr 29, 2008"
GSM258732	"NK_cells_4MJW06120882"	"RNA"	"Mus musculus"	1	GPL1261	GSE10246	"CEL"	"ftp://ftp.ncbi.nlm.nih.gov/geo/samples/GSM258nnn/GSM258732/suppl"		"John R Walker"	"Apr 29, 2008"
GSM258755	"RAW_264_7_4MJW06120837"	"RNA"	"Mus musculus"	1	GPL1261	GSE10246	"CEL"	"ftp://ftp.ncbi.nlm.nih.gov/geo/samples/GSM258nnn/GSM258755/suppl"		"John R Walker"	"Apr 29, 2008"
GSM258756	"RAW_264_7_4MJW06120838"	"RNA"	"Mus musculus"	1	GPL1261	GSE10246	"CEL"	"ftp://ftp.ncbi.nlm.nih.gov/geo/samples/GSM258nnn/GSM258756/suppl"		"John R Walker"	"Apr 29, 2008"
GSM258773	"T-cells_CD4+_4MJW061208113"	"RNA"	"Mus musculus"	1	GPL1261	GSE10246	"CEL"	"ftp://ftp.ncbi.nlm.nih.gov/geo/samples/GSM258nnn/GSM258773/suppl"		"John R Walker"	"Apr 29, 2008"
GSM258774	"T-cells_CD4+_4MJW061208114"	"RNA"	"Mus musculus"	1	GPL1261	GSE10246	"CEL"	"ftp://ftp.ncbi.nlm.nih.gov/geo/samples/GSM258nnn/GSM258774/suppl"		"John R Walker"	"Apr 29, 2008"
GSM258775	"T-cells_CD8+_4MJW061208115"	"RNA"	"Mus musculus"	1	GPL1261	GSE10246	"CEL"	"ftp://ftp.ncbi.nlm.nih.gov/geo/samples/GSM258nnn/GSM258775/suppl"		"John R Walker"	"Apr 29, 2008"
GSM258776	"T-cells_CD8+_4MJW061208116"	"RNA"	"Mus musculus"	1	GPL1261	GSE10246	"CEL"	"ftp://ftp.ncbi.nlm.nih.gov/geo/samples/GSM258nnn/GSM258776/suppl"		"John R Walker"	"Apr 29, 2008"
GSM258777	"T-cells_foxP3+_4MJW06120891"	"RNA"	"Mus musculus"	1	GPL1261	GSE10246	"CEL"	"ftp://ftp.ncbi.nlm.nih.gov/geo/samples/GSM258nnn/GSM258777/suppl"		"John R Walker"	"Apr 29, 2008"
GSM258778	"T-cells_foxP3+_4MJW06120892"	"RNA"	"Mus musculus"	1	GPL1261	GSE10246	"CEL"	"ftp://ftp.ncbi.nlm.nih.gov/geo/samples/GSM258nnn/GSM258778/suppl"		"John R Walker"	"Apr 29, 2008"
GSM258611	"adipose_brown_4MJW06120815"	"RNA"	"Mus musculus"	1	GPL1261	GSE10246	"CEL"	"ftp://ftp.ncbi.nlm.nih.gov/geo/samples/GSM258nnn/GSM258611/suppl"		"John R Walker"	"Apr 29, 2008"
GSM258612	"adipose_brown_4MJW06120816"	"RNA"	"Mus musculus"	1	GPL1261	GSE10246	"CEL"	"ftp://ftp.ncbi.nlm.nih.gov/geo/samples/GSM258nnn/GSM258612/suppl"		"John R Walker"	"Apr 29, 2008"
GSM258613	"adipose_white_4MJW06120803"	"RNA"	"Mus musculus"	1	GPL1261	GSE10246	"CEL"	"ftp://ftp.ncbi.nlm.nih.gov/geo/samples/GSM258nnn/GSM258613/suppl"		"John R Walker"	"Apr 29, 2008"
GSM258614	"adipose_white_4MJW06120804"	"RNA"	"Mus musculus"	1	GPL1261	GSE10246	"CEL"	"ftp://ftp.ncbi.nlm.nih.gov/geo/samples/GSM258nnn/GSM258614/suppl"		"John R Walker"	"Apr 29, 2008"
GSM258615	"adrenal_gland_4MJW061208117"	"RNA"	"Mus musculus"	1	GPL1261	GSE10246	"CEL"	"ftp://ftp.ncbi.nlm.nih.gov/geo/samples/GSM258nnn/GSM258615/suppl"		"John R Walker"	"Apr 29, 2008"
GSM258616	"adrenal_gland_4MJW061208118"	"RNA"	"Mus musculus"	1	GPL1261	GSE10246	"CEL"	"ftp://ftp.ncbi.nlm.nih.gov/geo/samples/GSM258nnn/GSM258616/suppl"		"John R Walker"	"Apr 29, 2008"
GSM258617	"amygdala_4MJW061208119"	"RNA"	"Mus musculus"	1	GPL1261	GSE10246	"CEL"	"ftp://ftp.ncbi.nlm.nih.gov/geo/samples/GSM258nnn/GSM258617/suppl"		"John R Walker"	"Apr 29, 2008"
GSM258618	"amygdala_4MJW061208120"	"RNA"	"Mus musculus"	1	GPL1261	GSE10246	"CEL"	"ftp://ftp.ncbi.nlm.nih.gov/geo/samples/GSM258nnn/GSM258618/suppl"		"John R Walker"	"Apr 29, 2008"
GSM258623	"bladder_4MJW061208121"	"RNA"	"Mus musculus"	1	GPL1261	GSE10246	"CEL"	"ftp://ftp.ncbi.nlm.nih.gov/geo/samples/GSM258nnn/GSM258623/suppl"		"John R Walker"	"Apr 29, 2008"
GSM258624	"bladder_4MJW061208122"	"RNA"	"Mus musculus"	1	GPL1261	GSE10246	"CEL"	"ftp://ftp.ncbi.nlm.nih.gov/geo/samples/GSM258nnn/GSM258624/suppl"		"John R Walker"	"Apr 29, 2008"
GSM258625	"bone_4MJW06120811"	"RNA"	"Mus musculus"	1	GPL1261	GSE10246	"CEL"	"ftp://ftp.ncbi.nlm.nih.gov/geo/samples/GSM258nnn/GSM258625/suppl"		"John R Walker"	"Apr 29, 2008"
GSM258626	"bone_4MJW06120812"	"RNA"	"Mus musculus"	1	GPL1261	GSE10246	"CEL"	"ftp://ftp.ncbi.nlm.nih.gov/geo/samples/GSM258nnn/GSM258626/suppl"		"John R Walker"	"Apr 29, 2008"
GSM258627	"bone_marrow_4MJW06120841"	"RNA"	"Mus musculus"	1	GPL1261	GSE10246	"CEL"	"ftp://ftp.ncbi.nlm.nih.gov/geo/samples/GSM258nnn/GSM258627/suppl"		"John R Walker"	"Apr 29, 2008"
GSM258628	"bone_marrow_4MJW06120842"	"RNA"	"Mus musculus"	1	GPL1261	GSE10246	"CEL"	"ftp://ftp.ncbi.nlm.nih.gov/geo/samples/GSM258nnn/GSM258628/suppl"		"John R Walker"	"Apr 29, 2008"
GSM258633	"cerebellum_4MJW061208123"	"RNA"	"Mus musculus"	1	GPL1261	GSE10246	"CEL"	"ftp://ftp.ncbi.nlm.nih.gov/geo/samples/GSM258nnn/GSM258633/suppl"		"John R Walker"	"Apr 29, 2008"
GSM258634	"cerebellum_4MJW061208124"	"RNA"	"Mus musculus"	1	GPL1261	GSE10246	"CEL"	"ftp://ftp.ncbi.nlm.nih.gov/geo/samples/GSM258nnn/GSM258634/suppl"		"John R Walker"	"Apr 29, 2008"
GSM258635	"cerebral_cortex_4MJW061208125"	"RNA"	"Mus musculus"	1	GPL1261	GSE10246	"CEL"	"ftp://ftp.ncbi.nlm.nih.gov/geo/samples/GSM258nnn/GSM258635/suppl"		"John R Walker"	"Apr 29, 2008"
GSM258636	"cerebral_cortex_4MJW061208126"	"RNA"	"Mus musculus"	1	GPL1261	GSE10246	"CEL"	"ftp://ftp.ncbi.nlm.nih.gov/geo/samples/GSM258nnn/GSM258636/suppl"		"John R Walker"	"Apr 29, 2008"
GSM258637	"cerebral_cortex_prefrontal_4MJW061208177"	"RNA"	"Mus musculus"	1	GPL1261	GSE10246	"CEL"	"ftp://ftp.ncbi.nlm.nih.gov/geo/samples/GSM258nnn/GSM258637/suppl"		"John R Walker"	"Apr 29, 2008"
GSM258638	"cerebral_cortex_prefrontal_4MJW061208178"	"RNA"	"Mus musculus"	1	GPL1261	GSE10246	"CEL"	"ftp://ftp.ncbi.nlm.nih.gov/geo/samples/GSM258nnn/GSM258638/suppl"		"John R Walker"	"Apr 29, 2008"
GSM258639	"ciliary_bodies_4MJW06120897"	"RNA"	"Mus musculus"	1	GPL1261	GSE10246	"CEL"	"ftp://ftp.ncbi.nlm.nih.gov/geo/samples/GSM258nnn/GSM258639/suppl"		"John R Walker"	"Apr 29, 2008"
GSM258640	"ciliary_bodies_4MJW06120898"	"RNA"	"Mus musculus"	1	GPL1261	GSE10246	"CEL"	"ftp://ftp.ncbi.nlm.nih.gov/geo/samples/GSM258nnn/GSM258640/suppl"		"John R Walker"	"Apr 29, 2008"
GSM258641	"common_myeloid_progenitor_4MJW06120873"	"RNA"	"Mus musculus"	1	GPL1261	GSE10246	"CEL"	"ftp://ftp.ncbi.nlm.nih.gov/geo/samples/GSM258nnn/GSM258641/suppl"		"John R Walker"	"Apr 29, 2008"
GSM258642	"common_myeloid_progenitor_4MJW06120874"	"RNA"	"Mus musculus"	1	GPL1261	GSE10246	"CEL"	"ftp://ftp.ncbi.nlm.nih.gov/geo/samples/GSM258nnn/GSM258642/suppl"		"John R Walker"	"Apr 29, 2008"
GSM258643	"cornea_4MJW061208100"	"RNA"	"Mus musculus"	1	GPL1261	GSE10246	"CEL"	"ftp://ftp.ncbi.nlm.nih.gov/geo/samples/GSM258nnn/GSM258643/suppl"		"John R Walker"	"Apr 29, 2008"
GSM258644	"cornea_4MJW06120899"	"RNA"	"Mus musculus"	1	GPL1261	GSE10246	"CEL"	"ftp://ftp.ncbi.nlm.nih.gov/geo/samples/GSM258nnn/GSM258644/suppl"		"John R Walker"	"Apr 29, 2008"
GSM258645	"dendritic_cells_lymphoid_CD8a+_4MJW061208107"	"RNA"	"Mus musculus"	1	GPL1261	GSE10246	"CEL"	"ftp://ftp.ncbi.nlm.nih.gov/geo/samples/GSM258nnn/GSM258645/suppl"		"John R Walker"	"Apr 29, 2008"
GSM258646	"dendritic_cells_lymphoid_CD8a+_4MJW061208108"	"RNA"	"Mus musculus"	1	GPL1261	GSE10246	"CEL"	"ftp://ftp.ncbi.nlm.nih.gov/geo/samples/GSM258nnn/GSM258646/suppl"		"John R Walker"	"Apr 29, 2008"
GSM258647	"dendritic_cells_myeloid_CD8a-_4MJW061208111"	"RNA"	"Mus musculus"	1	GPL1261	GSE10246	"CEL"	"ftp://ftp.ncbi.nlm.nih.gov/geo/samples/GSM258nnn/GSM258647/suppl"		"John R Walker"	"Apr 29, 2008"
GSM258648	"dendritic_cells_myeloid_CD8a-_4MJW061208112"	"RNA"	"Mus musculus"	1	GPL1261	GSE10246	"CEL"	"ftp://ftp.ncbi.nlm.nih.gov/geo/samples/GSM258nnn/GSM258648/suppl"		"John R Walker"	"Apr 29, 2008"
GSM258649	"dendritic_plasmacytoid_B220+_4MJW061208109"	"RNA"	"Mus musculus"	1	GPL1261	GSE10246	"CEL"	"ftp://ftp.ncbi.nlm.nih.gov/geo/samples/GSM258nnn/GSM258649/suppl"		"John R Walker"	"Apr 29, 2008"
GSM258650	"dendritic_plasmacytoid_B220+_4MJW061208110"	"RNA"	"Mus musculus"	1	GPL1261	GSE10246	"CEL"	"ftp://ftp.ncbi.nlm.nih.gov/geo/samples/GSM258nnn/GSM258650/suppl"		"John R Walker"	"Apr 29, 2008"
GSM258651	"dorsal_root_ganglia_4MJW061208127"	"RNA"	"Mus musculus"	1	GPL1261	GSE10246	"CEL"	"ftp://ftp.ncbi.nlm.nih.gov/geo/samples/GSM258nnn/GSM258651/suppl"		"John R Walker"	"Apr 29, 2008"
GSM258652	"dorsal_root_ganglia_4MJW061208128"	"RNA"	"Mus musculus"	1	GPL1261	GSE10246	"CEL"	"ftp://ftp.ncbi.nlm.nih.gov/geo/samples/GSM258nnn/GSM258652/suppl"		"John R Walker"	"Apr 29, 2008"
GSM258653	"dorsal_striatum_4MJW061208129"	"RNA"	"Mus musculus"	1	GPL1261	GSE10246	"CEL"	"ftp://ftp.ncbi.nlm.nih.gov/geo/samples/GSM258nnn/GSM258653/suppl"		"John R Walker"	"Apr 29, 2008"
GSM258654	"dorsal_striatum_4MJW061208130"	"RNA"	"Mus musculus"	1	GPL1261	GSE10246	"CEL"	"ftp://ftp.ncbi.nlm.nih.gov/geo/samples/GSM258nnn/GSM258654/suppl"		"John R Walker"	"Apr 29, 2008"
GSM258655	"embryonic_stem_line_Bruce4_p13_4MJW06120817"	"RNA"	"Mus musculus"	1	GPL1261	GSE10246	"CEL"	"ftp://ftp.ncbi.nlm.nih.gov/geo/samples/GSM258nnn/GSM258655/suppl"		"John R Walker"	"Apr 29, 2008"
GSM258656	"embryonic_stem_line_Bruce4_p13_4MJW06120818"	"RNA"	"Mus musculus"	1	GPL1261	GSE10246	"CEL"	"ftp://ftp.ncbi.nlm.nih.gov/geo/samples/GSM258nnn/GSM258656/suppl"		"John R Walker"	"Apr 29, 2008"
GSM258657	"embryonic_stem_line_V26_2_p16_4MJW06120819"	"RNA"	"Mus musculus"	1	GPL1261	GSE10246	"CEL"	"ftp://ftp.ncbi.nlm.nih.gov/geo/samples/GSM258nnn/GSM258657/suppl"		"John R Walker"	"Apr 29, 2008"
GSM258658	"embryonic_stem_line_V26_2_p16_4MJW06120820"	"RNA"	"Mus musculus"	1	GPL1261	GSE10246	"CEL"	"ftp://ftp.ncbi.nlm.nih.gov/geo/samples/GSM258nnn/GSM258658/suppl"		"John R Walker"	"Apr 29, 2008"
GSM258659	"epidermis_4MJW06120809"	"RNA"	"Mus musculus"	1	GPL1261	GSE10246	"CEL"	"ftp://ftp.ncbi.nlm.nih.gov/geo/samples/GSM258nnn/GSM258659/suppl"		"John R Walker"	"Apr 29, 2008"
GSM258660	"epidermis_4MJW06120810"	"RNA"	"Mus musculus"	1	GPL1261	GSE10246	"CEL"	"ftp://ftp.ncbi.nlm.nih.gov/geo/samples/GSM258nnn/GSM258660/suppl"		"John R Walker"	"Apr 29, 2008"
GSM258661	"eyecup_4MJW061208103"	"RNA"	"Mus musculus"	1	GPL1261	GSE10246	"CEL"	"ftp://ftp.ncbi.nlm.nih.gov/geo/samples/GSM258nnn/GSM258661/suppl"		"John R Walker"	"Apr 29, 2008"
GSM258662	"eyecup_4MJW061208104"	"RNA"	"Mus musculus"	1	GPL1261	GSE10246	"CEL"	"ftp://ftp.ncbi.nlm.nih.gov/geo/samples/GSM258nnn/GSM258662/suppl"		"John R Walker"	"Apr 29, 2008"
GSM258663	"follicular_B-cells_4MJW06120849"	"RNA"	"Mus musculus"	1	GPL1261	GSE10246	"CEL"	"ftp://ftp.ncbi.nlm.nih.gov/geo/samples/GSM258nnn/GSM258663/suppl"		"John R Walker"	"Apr 29, 2008"
GSM258664	"follicular_B-cells_4MJW06120850"	"RNA"	"Mus musculus"	1	GPL1261	GSE10246	"CEL"	"ftp://ftp.ncbi.nlm.nih.gov/geo/samples/GSM258nnn/GSM258664/suppl"		"John R Walker"	"Apr 29, 2008"
GSM258665	"granulo_mono_progenitor_4MJW06120875"	"RNA"	"Mus musculus"	1	GPL1261	GSE10246	"CEL"	"ftp://ftp.ncbi.nlm.nih.gov/geo/samples/GSM258nnn/GSM258665/suppl"		"John R Walker"	"Apr 29, 2008"
GSM258666	"granulo_mono_progenitor_4MJW06120876"	"RNA"	"Mus musculus"	1	GPL1261	GSE10246	"CEL"	"ftp://ftp.ncbi.nlm.nih.gov/geo/samples/GSM258nnn/GSM258666/suppl"		"John R Walker"	"Apr 29, 2008"
GSM258667	"granulocytes_mac1+gr1+_4MJW06120869"	"RNA"	"Mus musculus"	1	GPL1261	GSE10246	"CEL"	"ftp://ftp.ncbi.nlm.nih.gov/geo/samples/GSM258nnn/GSM258667/suppl"		"John R Walker"	"Apr 29, 2008"
GSM258668	"granulocytes_mac1+gr1+_4MJW06120870"	"RNA"	"Mus musculus"	1	GPL1261	GSE10246	"CEL"	"ftp://ftp.ncbi.nlm.nih.gov/geo/samples/GSM258nnn/GSM258668/suppl"		"John R Walker"	"Apr 29, 2008"
GSM258669	"heart_4MJW061208131"	"RNA"	"Mus musculus"	1	GPL1261	GSE10246	"CEL"	"ftp://ftp.ncbi.nlm.nih.gov/geo/samples/GSM258nnn/GSM258669/suppl"		"John R Walker"	"Apr 29, 2008"
GSM258670	"heart_4MJW061208132"	"RNA"	"Mus musculus"	1	GPL1261	GSE10246	"CEL"	"ftp://ftp.ncbi.nlm.nih.gov/geo/samples/GSM258nnn/GSM258670/suppl"		"John R Walker"	"Apr 29, 2008"
GSM258671	"hippocampus_4MJW06120801"	"RNA"	"Mus musculus"	1	GPL1261	GSE10246	"CEL"	"ftp://ftp.ncbi.nlm.nih.gov/geo/samples/GSM258nnn/GSM258671/suppl"		"John R Walker"	"Apr 29, 2008"
GSM258672	"hippocampus_4MJW06120802"	"RNA"	"Mus musculus"	1	GPL1261	GSE10246	"CEL"	"ftp://ftp.ncbi.nlm.nih.gov/geo/samples/GSM258nnn/GSM258672/suppl"		"John R Walker"	"Apr 29, 2008"
GSM258673	"hypothalamus_4MJW061208133"	"RNA"	"Mus musculus"	1	GPL1261	GSE10246	"CEL"	"ftp://ftp.ncbi.nlm.nih.gov/geo/samples/GSM258nnn/GSM258673/suppl"		"John R Walker"	"Apr 29, 2008"
GSM258674	"hypothalamus_4MJW061208134"	"RNA"	"Mus musculus"	1	GPL1261	GSE10246	"CEL"	"ftp://ftp.ncbi.nlm.nih.gov/geo/samples/GSM258nnn/GSM258674/suppl"		"John R Walker"	"Apr 29, 2008"
GSM258675	"intestine_large_4MJW061208137"	"RNA"	"Mus musculus"	1	GPL1261	GSE10246	"CEL"	"ftp://ftp.ncbi.nlm.nih.gov/geo/samples/GSM258nnn/GSM258675/suppl"		"John R Walker"	"Apr 29, 2008"
GSM258676	"intestine_large_4MJW061208138"	"RNA"	"Mus musculus"	1	GPL1261	GSE10246	"CEL"	"ftp://ftp.ncbi.nlm.nih.gov/geo/samples/GSM258nnn/GSM258676/suppl"		"John R Walker"	"Apr 29, 2008"
GSM258677	"intestine_small_4MJW061208157"	"RNA"	"Mus musculus"	1	GPL1261	GSE10246	"CEL"	"ftp://ftp.ncbi.nlm.nih.gov/geo/samples/GSM258nnn/GSM258677/suppl"		"John R Walker"	"Apr 29, 2008"
GSM258678	"intestine_small_4MJW061208158"	"RNA"	"Mus musculus"	1	GPL1261	GSE10246	"CEL"	"ftp://ftp.ncbi.nlm.nih.gov/geo/samples/GSM258nnn/GSM258678/suppl"		"John R Walker"	"Apr 29, 2008"
GSM258679	"iris_4MJW061208105"	"RNA"	"Mus musculus"	1	GPL1261	GSE10246	"CEL"	"ftp://ftp.ncbi.nlm.nih.gov/geo/samples/GSM258nnn/GSM258679/suppl"		"John R Walker"	"Apr 29, 2008"
GSM258680	"iris_4MJW061208106"	"RNA"	"Mus musculus"	1	GPL1261	GSE10246	"CEL"	"ftp://ftp.ncbi.nlm.nih.gov/geo/samples/GSM258nnn/GSM258680/suppl"		"John R Walker"	"Apr 29, 2008"
GSM258681	"kidney_4MJW061208135"	"RNA"	"Mus musculus"	1	GPL1261	GSE10246	"CEL"	"ftp://ftp.ncbi.nlm.nih.gov/geo/samples/GSM258nnn/GSM258681/suppl"		"John R Walker"	"Apr 29, 2008"
GSM258682	"kidney_4MJW061208136"	"RNA"	"Mus musculus"	1	GPL1261	GSE10246	"CEL"	"ftp://ftp.ncbi.nlm.nih.gov/geo/samples/GSM258nnn/GSM258682/suppl"		"John R Walker"	"Apr 29, 2008"
GSM258683	"lacrimal_gland_4MJW061208179"	"RNA"	"Mus musculus"	1	GPL1261	GSE10246	"CEL"	"ftp://ftp.ncbi.nlm.nih.gov/geo/samples/GSM258nnn/GSM258683/suppl"		"John R Walker"	"Apr 29, 2008"
GSM258684	"lacrimal_gland_4MJW061208180"	"RNA"	"Mus musculus"	1	GPL1261	GSE10246	"CEL"	"ftp://ftp.ncbi.nlm.nih.gov/geo/samples/GSM258nnn/GSM258684/suppl"		"John R Walker"	"Apr 29, 2008"
GSM258685	"lens_4MJW061208101"	"RNA"	"Mus musculus"	1	GPL1261	GSE10246	"CEL"	"ftp://ftp.ncbi.nlm.nih.gov/geo/samples/GSM258nnn/GSM258685/suppl"		"John R Walker"	"Apr 29, 2008"
GSM258686	"lens_4MJW061208102"	"RNA"	"Mus musculus"	1	GPL1261	GSE10246	"CEL"	"ftp://ftp.ncbi.nlm.nih.gov/geo/samples/GSM258nnn/GSM258686/suppl"		"John R Walker"	"Apr 29, 2008"
GSM258687	"liver_4MJW061208139"	"RNA"	"Mus musculus"	1	GPL1261	GSE10246	"CEL"	"ftp://ftp.ncbi.nlm.nih.gov/geo/samples/GSM258nnn/GSM258687/suppl"		"John R Walker"	"Apr 29, 2008"
GSM258688	"liver_4MJW061208140"	"RNA"	"Mus musculus"	1	GPL1261	GSE10246	"CEL"	"ftp://ftp.ncbi.nlm.nih.gov/geo/samples/GSM258nnn/GSM258688/suppl"		"John R Walker"	"Apr 29, 2008"
GSM258689	"lung_4MJW061208141"	"RNA"	"Mus musculus"	1	GPL1261	GSE10246	"CEL"	"ftp://ftp.ncbi.nlm.nih.gov/geo/samples/GSM258nnn/GSM258689/suppl"		"John R Walker"	"Apr 29, 2008"
GSM258690	"lung_4MJW061208142"	"RNA"	"Mus musculus"	1	GPL1261	GSE10246	"CEL"	"ftp://ftp.ncbi.nlm.nih.gov/geo/samples/GSM258nnn/GSM258690/suppl"		"John R Walker"	"Apr 29, 2008"
GSM258691	"lymph_nodes_4MJW06120839"	"RNA"	"Mus musculus"	1	GPL1261	GSE10246	"CEL"	"ftp://ftp.ncbi.nlm.nih.gov/geo/samples/GSM258nnn/GSM258691/suppl"		"John R Walker"	"Apr 29, 2008"
GSM258692	"lymph_nodes_4MJW06120840"	"RNA"	"Mus musculus"	1	GPL1261	GSE10246	"CEL"	"ftp://ftp.ncbi.nlm.nih.gov/geo/samples/GSM258nnn/GSM258692/suppl"		"John R Walker"	"Apr 29, 2008"
GSM258723	"mIMCD-3_4MJW06120831"	"RNA"	"Mus musculus"	1	GPL1261	GSE10246	"CEL"	"ftp://ftp.ncbi.nlm.nih.gov/geo/samples/GSM258nnn/GSM258723/suppl"		"John R Walker"	"Apr 29, 2008"
GSM258724	"mIMCD-3_4MJW06120832"	"RNA"	"Mus musculus"	1	GPL1261	GSE10246	"CEL"	"ftp://ftp.ncbi.nlm.nih.gov/geo/samples/GSM258nnn/GSM258724/suppl"		"John R Walker"	"Apr 29, 2008"
GSM258693	"macrophage_bone_marrow_0hr_4MJW06120853"	"RNA"	"Mus musculus"	1	GPL1261	GSE10246	"CEL"	"ftp://ftp.ncbi.nlm.nih.gov/geo/samples/GSM258nnn/GSM258693/suppl"		"John R Walker"	"Apr 29, 2008"
GSM258694	"macrophage_bone_marrow_0hr_4MJW06120854"	"RNA"	"Mus musculus"	1	GPL1261	GSE10246	"CEL"	"ftp://ftp.ncbi.nlm.nih.gov/geo/samples/GSM258nnn/GSM258694/suppl"		"John R Walker"	"Apr 29, 2008"
GSM258695	"macrophage_bone_marrow_24h_LPS_4MJW06120859"	"RNA"	"Mus musculus"	1	GPL1261	GSE10246	"CEL"	"ftp://ftp.ncbi.nlm.nih.gov/geo/samples/GSM258nnn/GSM258695/suppl"		"John R Walker"	"Apr 29, 2008"
GSM258696	"macrophage_bone_marrow_24h_LPS_4MJW06120860"	"RNA"	"Mus musculus"	1	GPL1261	GSE10246	"CEL"	"ftp://ftp.ncbi.nlm.nih.gov/geo/samples/GSM258nnn/GSM258696/suppl"		"John R Walker"	"Apr 29, 2008"
GSM258697	"macrophage_bone_marrow_2hr_LPS_4MJW06120855"	"RNA"	"Mus musculus"	1	GPL1261	GSE10246	"CEL"	"ftp://ftp.ncbi.nlm.nih.gov/geo/samples/GSM258nnn/GSM258697/suppl"		"John R Walker"	"Apr 29, 2008"
GSM258698	"macrophage_bone_marrow_2hr_LPS_4MJW06120856"	"RNA"	"Mus musculus"	1	GPL1261	GSE10246	"CEL"	"ftp://ftp.ncbi.nlm.nih.gov/geo/samples/GSM258nnn/GSM258698/suppl"		"John R Walker"	"Apr 29, 2008"
GSM258699	"macrophage_bone_marrow_6hr_LPS_4MJW06120857"	"RNA"	"Mus musculus"	1	GPL1261	GSE10246	"CEL"	"ftp://ftp.ncbi.nlm.nih.gov/geo/samples/GSM258nnn/GSM258699/suppl"		"John R Walker"	"Apr 29, 2008"
GSM258700	"macrophage_bone_marrow_6hr_LPS_4MJW06120858"	"RNA"	"Mus musculus"	1	GPL1261	GSE10246	"CEL"	"ftp://ftp.ncbi.nlm.nih.gov/geo/samples/GSM258nnn/GSM258700/suppl"		"John R Walker"	"Apr 29, 2008"
GSM258701	"macrophage_peri_LPS_thio_0hrs_4MJW06120843"	"RNA"	"Mus musculus"	1	GPL1261	GSE10246	"CEL"	"ftp://ftp.ncbi.nlm.nih.gov/geo/samples/GSM258nnn/GSM258701/suppl"		"John R Walker"	"Apr 29, 2008"
GSM258702	"macrophage_peri_LPS_thio_0hrs_4MJW06120844"	"RNA"	"Mus musculus"	1	GPL1261	GSE10246	"CEL"	"ftp://ftp.ncbi.nlm.nih.gov/geo/samples/GSM258nnn/GSM258702/suppl"		"John R Walker"	"Apr 29, 2008"
GSM258703	"macrophage_peri_LPS_thio_1hrs_4MJW06120845"	"RNA"	"Mus musculus"	1	GPL1261	GSE10246	"CEL"	"ftp://ftp.ncbi.nlm.nih.gov/geo/samples/GSM258nnn/GSM258703/suppl"		"John R Walker"	"Apr 29, 2008"
GSM258704	"macrophage_peri_LPS_thio_1hrs_4MJW06120846"	"RNA"	"Mus musculus"	1	GPL1261	GSE10246	"CEL"	"ftp://ftp.ncbi.nlm.nih.gov/geo/samples/GSM258nnn/GSM258704/suppl"		"John R Walker"	"Apr 29, 2008"
GSM258705	"macrophage_peri_LPS_thio_7hrs_4MJW06120847"	"RNA"	"Mus musculus"	1	GPL1261	GSE10246	"CEL"	"ftp://ftp.ncbi.nlm.nih.gov/geo/samples/GSM258nnn/GSM258705/suppl"		"John R Walker"	"Apr 29, 2008"
GSM258706	"macrophage_peri_LPS_thio_7hrs_4MJW06120848"	"RNA"	"Mus musculus"	1	GPL1261	GSE10246	"CEL"	"ftp://ftp.ncbi.nlm.nih.gov/geo/samples/GSM258nnn/GSM258706/suppl"		"John R Walker"	"Apr 29, 2008"
GSM258707	"mammary_gland__lact_4MJW061208187"	"RNA"	"Mus musculus"	1	GPL1261	GSE10246	"CEL"	"ftp://ftp.ncbi.nlm.nih.gov/geo/samples/GSM258nnn/GSM258707/suppl"		"John R Walker"	"Apr 29, 2008"
GSM258708	"mammary_gland__lact_4MJW061208188"	"RNA"	"Mus musculus"	1	GPL1261	GSE10246	"CEL"	"ftp://ftp.ncbi.nlm.nih.gov/geo/samples/GSM258nnn/GSM258708/suppl"		"John R Walker"	"Apr 29, 2008"
GSM258709	"mammary_gland_non-lactating_4MJW061208143"	"RNA"	"Mus musculus"	1	GPL1261	GSE10246	"CEL"	"ftp://ftp.ncbi.nlm.nih.gov/geo/samples/GSM258nnn/GSM258709/suppl"		"John R Walker"	"Apr 29, 2008"
GSM258710	"mammary_gland_non-lactating_4MJW061208144"	"RNA"	"Mus musculus"	1	GPL1261	GSE10246	"CEL"	"ftp://ftp.ncbi.nlm.nih.gov/geo/samples/GSM258nnn/GSM258710/suppl"		"John R Walker"	"Apr 29, 2008"
GSM258711	"mast_cells_4MJW06120851"	"RNA"	"Mus musculus"	1	GPL1261	GSE10246	"CEL"	"ftp://ftp.ncbi.nlm.nih.gov/geo/samples/GSM258nnn/GSM258711/suppl"		"John R Walker"	"Apr 29, 2008"
GSM258712	"mast_cells_4MJW06120852"	"RNA"	"Mus musculus"	1	GPL1261	GSE10246	"CEL"	"ftp://ftp.ncbi.nlm.nih.gov/geo/samples/GSM258nnn/GSM258712/suppl"		"John R Walker"	"Apr 29, 2008"
GSM258715	"mast_cells_IgE+antigen_1hr_4MJW06120885"	"RNA"	"Mus musculus"	1	GPL1261	GSE10246	"CEL"	"ftp://ftp.ncbi.nlm.nih.gov/geo/samples/GSM258nnn/GSM258715/suppl"		"John R Walker"	"Apr 29, 2008"
GSM258716	"mast_cells_IgE+antigen_1hr_4MJW06120886"	"RNA"	"Mus musculus"	1	GPL1261	GSE10246	"CEL"	"ftp://ftp.ncbi.nlm.nih.gov/geo/samples/GSM258nnn/GSM258716/suppl"		"John R Walker"	"Apr 29, 2008"
GSM258717	"mast_cells_IgE+antigen_6hr_4MJW06120887"	"RNA"	"Mus musculus"	1	GPL1261	GSE10246	"CEL"	"ftp://ftp.ncbi.nlm.nih.gov/geo/samples/GSM258nnn/GSM258717/suppl"		"John R Walker"	"Apr 29, 2008"
GSM258718	"mast_cells_IgE+antigen_6hr_4MJW06120888"	"RNA"	"Mus musculus"	1	GPL1261	GSE10246	"CEL"	"ftp://ftp.ncbi.nlm.nih.gov/geo/samples/GSM258nnn/GSM258718/suppl"		"John R Walker"	"Apr 29, 2008"
GSM258713	"mast_cells_IgE_4MJW06120883"	"RNA"	"Mus musculus"	1	GPL1261	GSE10246	"CEL"	"ftp://ftp.ncbi.nlm.nih.gov/geo/samples/GSM258nnn/GSM258713/suppl"		"John R Walker"	"Apr 29, 2008"
GSM258714	"mast_cells_IgE_4MJW06120884"	"RNA"	"Mus musculus"	1	GPL1261	GSE10246	"CEL"	"ftp://ftp.ncbi.nlm.nih.gov/geo/samples/GSM258nnn/GSM258714/suppl"		"John R Walker"	"Apr 29, 2008"
GSM258719	"mega_erythrocyte_progenitor_4MJW06120879"	"RNA"	"Mus musculus"	1	GPL1261	GSE10246	"CEL"	"ftp://ftp.ncbi.nlm.nih.gov/geo/samples/GSM258nnn/GSM258719/suppl"		"John R Walker"	"Apr 29, 2008"
GSM258720	"mega_erythrocyte_progenitor_4MJW06120880"	"RNA"	"Mus musculus"	1	GPL1261	GSE10246	"CEL"	"ftp://ftp.ncbi.nlm.nih.gov/geo/samples/GSM258nnn/GSM258720/suppl"		"John R Walker"	"Apr 29, 2008"
GSM258721	"microglia_4MJW061208183"	"RNA"	"Mus musculus"	1	GPL1261	GSE10246	"CEL"	"ftp://ftp.ncbi.nlm.nih.gov/geo/samples/GSM258nnn/GSM258721/suppl"		"John R Walker"	"Apr 29, 2008"
GSM258722	"microglia_4MJW061208184"	"RNA"	"Mus musculus"	1	GPL1261	GSE10246	"CEL"	"ftp://ftp.ncbi.nlm.nih.gov/geo/samples/GSM258nnn/GSM258722/suppl"		"John R Walker"	"Apr 29, 2008"
GSM258725	"min6_4MJW06120829"	"RNA"	"Mus musculus"	1	GPL1261	GSE10246	"CEL"	"ftp://ftp.ncbi.nlm.nih.gov/geo/samples/GSM258nnn/GSM258725/suppl"		"John R Walker"	"Apr 29, 2008"
GSM258726	"min6_4MJW06120830"	"RNA"	"Mus musculus"	1	GPL1261	GSE10246	"CEL"	"ftp://ftp.ncbi.nlm.nih.gov/geo/samples/GSM258nnn/GSM258726/suppl"		"John R Walker"	"Apr 29, 2008"
GSM258727	"neuro2a_4MJW06120833"	"RNA"	"Mus musculus"	1	GPL1261	GSE10246	"CEL"	"ftp://ftp.ncbi.nlm.nih.gov/geo/samples/GSM258nnn/GSM258727/suppl"		"John R Walker"	"Apr 29, 2008"
GSM258728	"neuro2a_4MJW06120834"	"RNA"	"Mus musculus"	1	GPL1261	GSE10246	"CEL"	"ftp://ftp.ncbi.nlm.nih.gov/geo/samples/GSM258nnn/GSM258728/suppl"		"John R Walker"	"Apr 29, 2008"
GSM258729	"nih_3T3_4MJW06120835"	"RNA"	"Mus musculus"	1	GPL1261	GSE10246	"CEL"	"ftp://ftp.ncbi.nlm.nih.gov/geo/samples/GSM258nnn/GSM258729/suppl"		"John R Walker"	"Apr 29, 2008"
GSM258730	"nih_3T3_4MJW06120836"	"RNA"	"Mus musculus"	1	GPL1261	GSE10246	"CEL"	"ftp://ftp.ncbi.nlm.nih.gov/geo/samples/GSM258nnn/GSM258730/suppl"		"John R Walker"	"Apr 29, 2008"
GSM258733	"nucleus_accumbens_4MJW061208145"	"RNA"	"Mus musculus"	1	GPL1261	GSE10246	"CEL"	"ftp://ftp.ncbi.nlm.nih.gov/geo/samples/GSM258nnn/GSM258733/suppl"		"John R Walker"	"Apr 29, 2008"
GSM258734	"nucleus_accumbens_4MJW061208146"	"RNA"	"Mus musculus"	1	GPL1261	GSE10246	"CEL"	"ftp://ftp.ncbi.nlm.nih.gov/geo/samples/GSM258nnn/GSM258734/suppl"		"John R Walker"	"Apr 29, 2008"
GSM258735	"olfactory_bulb_4MJW061208147"	"RNA"	"Mus musculus"	1	GPL1261	GSE10246	"CEL"	"ftp://ftp.ncbi.nlm.nih.gov/geo/samples/GSM258nnn/GSM258735/suppl"		"John R Walker"	"Apr 29, 2008"
GSM258736	"olfactory_bulb_4MJW061208148"	"RNA"	"Mus musculus"	1	GPL1261	GSE10246	"CEL"	"ftp://ftp.ncbi.nlm.nih.gov/geo/samples/GSM258nnn/GSM258736/suppl"		"John R Walker"	"Apr 29, 2008"
GSM258737	"osteoblast_day14_4MJW06120865"	"RNA"	"Mus musculus"	1	GPL1261	GSE10246	"CEL"	"ftp://ftp.ncbi.nlm.nih.gov/geo/samples/GSM258nnn/GSM258737/suppl"		"John R Walker"	"Apr 29, 2008"
GSM258738	"osteoblast_day14_4MJW06120866"	"RNA"	"Mus musculus"	1	GPL1261	GSE10246	"CEL"	"ftp://ftp.ncbi.nlm.nih.gov/geo/samples/GSM258nnn/GSM258738/suppl"		"John R Walker"	"Apr 29, 2008"
GSM258739	"osteoblast_day21_4MJW06120867"	"RNA"	"Mus musculus"	1	GPL1261	GSE10246	"CEL"	"ftp://ftp.ncbi.nlm.nih.gov/geo/samples/GSM258nnn/GSM258739/suppl"		"John R Walker"	"Apr 29, 2008"
GSM258740	"osteoblast_day21_4MJW06120868"	"RNA"	"Mus musculus"	1	GPL1261	GSE10246	"CEL"	"ftp://ftp.ncbi.nlm.nih.gov/geo/samples/GSM258nnn/GSM258740/suppl"		"John R Walker"	"Apr 29, 2008"
GSM258741	"osteoblast_day5_4MJW06120863"	"RNA"	"Mus musculus"	1	GPL1261	GSE10246	"CEL"	"ftp://ftp.ncbi.nlm.nih.gov/geo/samples/GSM258nnn/GSM258741/suppl"		"John R Walker"	"Apr 29, 2008"
GSM258742	"osteoblast_day5_4MJW06120864"	"RNA"	"Mus musculus"	1	GPL1261	GSE10246	"CEL"	"ftp://ftp.ncbi.nlm.nih.gov/geo/samples/GSM258nnn/GSM258742/suppl"		"John R Walker"	"Apr 29, 2008"
GSM258743	"osteoclasts_4MJW06120861"	"RNA"	"Mus musculus"	1	GPL1261	GSE10246	"CEL"	"ftp://ftp.ncbi.nlm.nih.gov/geo/samples/GSM258nnn/GSM258743/suppl"		"John R Walker"	"Apr 29, 2008"
GSM258744	"osteoclasts_4MJW06120862"	"RNA"	"Mus musculus"	1	GPL1261	GSE10246	"CEL"	"ftp://ftp.ncbi.nlm.nih.gov/geo/samples/GSM258nnn/GSM258744/suppl"		"John R Walker"	"Apr 29, 2008"
GSM258745	"ovary_4MJW061208149"	"RNA"	"Mus musculus"	1	GPL1261	GSE10246	"CEL"	"ftp://ftp.ncbi.nlm.nih.gov/geo/samples/GSM258nnn/GSM258745/suppl"		"John R Walker"	"Apr 29, 2008"
GSM258746	"ovary_4MJW061208150"	"RNA"	"Mus musculus"	1	GPL1261	GSE10246	"CEL"	"ftp://ftp.ncbi.nlm.nih.gov/geo/samples/GSM258nnn/GSM258746/suppl"		"John R Walker"	"Apr 29, 2008"
GSM258747	"pancreas_4MJW06120813"	"RNA"	"Mus musculus"	1	GPL1261	GSE10246	"CEL"	"ftp://ftp.ncbi.nlm.nih.gov/geo/samples/GSM258nnn/GSM258747/suppl"		"John R Walker"	"Apr 29, 2008"
GSM258748	"pancreas_4MJW06120814"	"RNA"	"Mus musculus"	1	GPL1261	GSE10246	"CEL"	"ftp://ftp.ncbi.nlm.nih.gov/geo/samples/GSM258nnn/GSM258748/suppl"		"John R Walker"	"Apr 29, 2008"
GSM258749	"pituitary_4MJW061208151"	"RNA"	"Mus musculus"	1	GPL1261	GSE10246	"CEL"	"ftp://ftp.ncbi.nlm.nih.gov/geo/samples/GSM258nnn/GSM258749/suppl"		"John R Walker"	"Apr 29, 2008"
GSM258750	"pituitary_4MJW061208152"	"RNA"	"Mus musculus"	1	GPL1261	GSE10246	"CEL"	"ftp://ftp.ncbi.nlm.nih.gov/geo/samples/GSM258nnn/GSM258750/suppl"		"John R Walker"	"Apr 29, 2008"
GSM258751	"placenta_4MJW061208189"	"RNA"	"Mus musculus"	1	GPL1261	GSE10246	"CEL"	"ftp://ftp.ncbi.nlm.nih.gov/geo/samples/GSM258nnn/GSM258751/suppl"		"John R Walker"	"Apr 29, 2008"
GSM258752	"placenta_4MJW061208190"	"RNA"	"Mus musculus"	1	GPL1261	GSE10246	"CEL"	"ftp://ftp.ncbi.nlm.nih.gov/geo/samples/GSM258nnn/GSM258752/suppl"		"John R Walker"	"Apr 29, 2008"
GSM258753	"prostate_4MJW061208153"	"RNA"	"Mus musculus"	1	GPL1261	GSE10246	"CEL"	"ftp://ftp.ncbi.nlm.nih.gov/geo/samples/GSM258nnn/GSM258753/suppl"		"John R Walker"	"Apr 29, 2008"
GSM258754	"prostate_4MJW061208154"	"RNA"	"Mus musculus"	1	GPL1261	GSE10246	"CEL"	"ftp://ftp.ncbi.nlm.nih.gov/geo/samples/GSM258nnn/GSM258754/suppl"		"John R Walker"	"Apr 29, 2008"
GSM258757	"retina_4MJW06120895"	"RNA"	"Mus musculus"	1	GPL1261	GSE10246	"CEL"	"ftp://ftp.ncbi.nlm.nih.gov/geo/samples/GSM258nnn/GSM258757/suppl"		"John R Walker"	"Apr 29, 2008"
GSM258758	"retina_4MJW06120896"	"RNA"	"Mus musculus"	1	GPL1261	GSE10246	"CEL"	"ftp://ftp.ncbi.nlm.nih.gov/geo/samples/GSM258nnn/GSM258758/suppl"		"John R Walker"	"Apr 29, 2008"
GSM258759	"retinal_pigment_epithelium_4MJW06120893"	"RNA"	"Mus musculus"	1	GPL1261	GSE10246	"CEL"	"ftp://ftp.ncbi.nlm.nih.gov/geo/samples/GSM258nnn/GSM258759/suppl"		"John R Walker"	"Apr 29, 2008"
GSM258760	"retinal_pigment_epithelium_4MJW06120894"	"RNA"	"Mus musculus"	1	GPL1261	GSE10246	"CEL"	"ftp://ftp.ncbi.nlm.nih.gov/geo/samples/GSM258nnn/GSM258760/suppl"		"John R Walker"	"Apr 29, 2008"
GSM258761	"salivary_gland_4MJW061208181"	"RNA"	"Mus musculus"	1	GPL1261	GSE10246	"CEL"	"ftp://ftp.ncbi.nlm.nih.gov/geo/samples/GSM258nnn/GSM258761/suppl"		"John R Walker"	"Apr 29, 2008"
GSM258762	"salivary_gland_4MJW061208182"	"RNA"	"Mus musculus"	1	GPL1261	GSE10246	"CEL"	"ftp://ftp.ncbi.nlm.nih.gov/geo/samples/GSM258nnn/GSM258762/suppl"		"John R Walker"	"Apr 29, 2008"
GSM258763	"skeletal_muscle_4MJW061208155"	"RNA"	"Mus musculus"	1	GPL1261	GSE10246	"CEL"	"ftp://ftp.ncbi.nlm.nih.gov/geo/samples/GSM258nnn/GSM258763/suppl"		"John R Walker"	"Apr 29, 2008"
GSM258764	"skeletal_muscle_4MJW061208156"	"RNA"	"Mus musculus"	1	GPL1261	GSE10246	"CEL"	"ftp://ftp.ncbi.nlm.nih.gov/geo/samples/GSM258nnn/GSM258764/suppl"		"John R Walker"	"Apr 29, 2008"
GSM258765	"spinal_cord_4MJW061208159"	"RNA"	"Mus musculus"	1	GPL1261	GSE10246	"CEL"	"ftp://ftp.ncbi.nlm.nih.gov/geo/samples/GSM258nnn/GSM258765/suppl"		"John R Walker"	"Apr 29, 2008"
GSM258766	"spinal_cord_4MJW061208160"	"RNA"	"Mus musculus"	1	GPL1261	GSE10246	"CEL"	"ftp://ftp.ncbi.nlm.nih.gov/geo/samples/GSM258nnn/GSM258766/suppl"		"John R Walker"	"Apr 29, 2008"
GSM258767	"spleen_4MJW061208161"	"RNA"	"Mus musculus"	1	GPL1261	GSE10246	"CEL"	"ftp://ftp.ncbi.nlm.nih.gov/geo/samples/GSM258nnn/GSM258767/suppl"		"John R Walker"	"Apr 29, 2008"
GSM258768	"spleen_4MJW061208162"	"RNA"	"Mus musculus"	1	GPL1261	GSE10246	"CEL"	"ftp://ftp.ncbi.nlm.nih.gov/geo/samples/GSM258nnn/GSM258768/suppl"		"John R Walker"	"Apr 29, 2008"
GSM258769	"stem_cells__HSC_4MJW06120877"	"RNA"	"Mus musculus"	1	GPL1261	GSE10246	"CEL"	"ftp://ftp.ncbi.nlm.nih.gov/geo/samples/GSM258nnn/GSM258769/suppl"		"John R Walker"	"Apr 29, 2008"
GSM258770	"stem_cells__HSC_4MJW06120878"	"RNA"	"Mus musculus"	1	GPL1261	GSE10246	"CEL"	"ftp://ftp.ncbi.nlm.nih.gov/geo/samples/GSM258nnn/GSM258770/suppl"		"John R Walker"	"Apr 29, 2008"
GSM258771	"stomach_4MJW061208163"	"RNA"	"Mus musculus"	1	GPL1261	GSE10246	"CEL"	"ftp://ftp.ncbi.nlm.nih.gov/geo/samples/GSM258nnn/GSM258771/suppl"		"John R Walker"	"Apr 29, 2008"
GSM258772	"stomach_4MJW061208164"	"RNA"	"Mus musculus"	1	GPL1261	GSE10246	"CEL"	"ftp://ftp.ncbi.nlm.nih.gov/geo/samples/GSM258nnn/GSM258772/suppl"		"John R Walker"	"Apr 29, 2008"
GSM258779	"testis_4MJW061208165"	"RNA"	"Mus musculus"	1	GPL1261	GSE10246	"CEL"	"ftp://ftp.ncbi.nlm.nih.gov/geo/samples/GSM258nnn/GSM258779/suppl"		"John R Walker"	"Apr 29, 2008"
GSM258780	"testis_4MJW061208166"	"RNA"	"Mus musculus"	1	GPL1261	GSE10246	"CEL"	"ftp://ftp.ncbi.nlm.nih.gov/geo/samples/GSM258nnn/GSM258780/suppl"		"John R Walker"	"Apr 29, 2008"
GSM258781	"thymocyte_DP_CD4+CD8+_4MJW061208171"	"RNA"	"Mus musculus"	1	GPL1261	GSE10246	"CEL"	"ftp://ftp.ncbi.nlm.nih.gov/geo/samples/GSM258nnn/GSM258781/suppl"		"John R Walker"	"Apr 29, 2008"
GSM258782	"thymocyte_DP_CD4+CD8+_4MJW061208172"	"RNA"	"Mus musculus"	1	GPL1261	GSE10246	"CEL"	"ftp://ftp.ncbi.nlm.nih.gov/geo/samples/GSM258nnn/GSM258782/suppl"		"John R Walker"	"Apr 29, 2008"
GSM258783	"thymocyte_SP_CD4+_4MJW061208173"	"RNA"	"Mus musculus"	1	GPL1261	GSE10246	"CEL"	"ftp://ftp.ncbi.nlm.nih.gov/geo/samples/GSM258nnn/GSM258783/suppl"		"John R Walker"	"Apr 29, 2008"
GSM258784	"thymocyte_SP_CD4+_4MJW061208174"	"RNA"	"Mus musculus"	1	GPL1261	GSE10246	"CEL"	"ftp://ftp.ncbi.nlm.nih.gov/geo/samples/GSM258nnn/GSM258784/suppl"		"John R Walker"	"Apr 29, 2008"
GSM258785	"thymocyte_SP_CD8+_4MJW061208175"	"RNA"	"Mus musculus"	1	GPL1261	GSE10246	"CEL"	"ftp://ftp.ncbi.nlm.nih.gov/geo/samples/GSM258nnn/GSM258785/suppl"		"John R Walker"	"Apr 29, 2008"
GSM258786	"thymocyte_SP_CD8+_4MJW061208176"	"RNA"	"Mus musculus"	1	GPL1261	GSE10246	"CEL"	"ftp://ftp.ncbi.nlm.nih.gov/geo/samples/GSM258nnn/GSM258786/suppl"		"John R Walker"	"Apr 29, 2008"
GSM258787	"umbilical_cord_4MJW061208185"	"RNA"	"Mus musculus"	1	GPL1261	GSE10246	"CEL"	"ftp://ftp.ncbi.nlm.nih.gov/geo/samples/GSM258nnn/GSM258787/suppl"		"John R Walker"	"Apr 29, 2008"
GSM258788	"umbilical_cord_4MJW061208186"	"RNA"	"Mus musculus"	1	GPL1261	GSE10246	"CEL"	"ftp://ftp.ncbi.nlm.nih.gov/geo/samples/GSM258nnn/GSM258788/suppl"		"John R Walker"	"Apr 29, 2008"
GSM258789	"uterus_4MJW061208169"	"RNA"	"Mus musculus"	1	GPL1261	GSE10246	"CEL"	"ftp://ftp.ncbi.nlm.nih.gov/geo/samples/GSM258nnn/GSM258789/suppl"		"John R Walker"	"Apr 29, 2008"
GSM258790	"uterus_4MJW061208170"	"RNA"	"Mus musculus"	1	GPL1261	GSE10246	"CEL"	"ftp://ftp.ncbi.nlm.nih.gov/geo/samples/GSM258nnn/GSM258790/suppl"		"John R Walker"	"Apr 29, 2008"
